,,0.4618848102,0.4617267261,0.4618139871,0.4575980009,0.2350460722,0.3073559269,0.6926440731,0.45880267,0.233416771,0.307780559,0.54119733,0.6924034869,0.6936597615,0.692211838,0.6923076923,0.3073079325,0.3080776456,0.3078247261,0.1004314927,0.09961853543,0.1003689575,0.09999374648,0.1001188168,0.09986867613,0.3995997749,0.4004127322,0.5995872678,0.4246740705,0.4015996122,0.3953989935,0.4254302103,0.4776373359,0.4250238777,0.3967834854,0.4282613938,0.4350036311,0.4539175994,0.4656562011,0.4248517286,0.4278239163,0.6897590361,0.6615146832,0.6486486486,0.6918335901,0.746585736,0.7008130081,0.6622734761,0.6912225705,0.6923076923,0.7445378151,0.2995735608,0.2828389831,0.2766631468,0.3056133056,0.3508583691,0.3103448276,0.287601626,0.3113897597,0.313368984,0.3389830508,0.10370139,0.1010463845,0.1040137436,0.1013587381,0.102920506,0.09604872716,0.09479931282,0.09964079338,0.1035452132,0.09292519132,0.09783062161,0.09845640384,0.09876929495,0.1003337505,0.09720483938,0.1028368794,0.1026282854,0.09981226533,0.0975177305,0.1046099291,,,,,,,,,,,,,,,,,,,,,,,,,,,,,,,,,,,,,,,,,,,,,,,,,,,,,,,,,,,,,,,,,
,,勝率,角色理論,位置理論,紅方三紅,紅方梅死,紅方梅活,紅勝,藍方三紅,藍方梅死,藍方梅活,三藍,刺,娜,德,奧,派,梅,忠,刺,娜,德,奧,派,梅,忠,紅角率,藍角率,1勝,2勝,3勝,4勝,5勝,6勝,7勝,8勝,9勝,0勝,雙尾派,1-5勝,6-0勝,1紅勝,2紅勝,3紅勝,4紅勝,5紅勝,6紅勝,7紅勝,8紅勝,9紅勝,0紅勝,1藍勝,2藍勝,3藍勝,4藍勝,5藍勝,6藍勝,7藍勝,8藍勝,9藍勝,0藍勝,1紅,2紅,3紅,4紅,5紅,6紅,7紅,8紅,9紅,0紅,1藍,2藍,3藍,4藍,5藍,6藍,7藍,8藍,9藍,0藍,三紅,三藍死,三藍活,三紅,三藍死,三藍活,刺,娜,德,奧,派,梅,忠,紅勝,藍勝,總勝,刺,娜,德,奧,派,梅,忠,紅場,藍場,1紅勝,2紅勝,3紅勝,4紅勝,5紅勝,6紅勝,7紅勝,8紅勝,9紅勝,0紅勝,1藍勝,2藍勝,3藍勝,4藍勝,5藍勝,6藍勝,7藍勝,8藍勝,9藍勝,0藍勝,1紅,2紅,3紅,4紅,5紅,6紅,7紅,8紅,9紅,0紅,1藍,2藍,3藍,4藍,5藍,6藍,7藍,8藍,9藍,0藍
,,0.4699286442,0.4637352993,0.4668713592,0.4900990099,0.2252475248,0.2846534653,0.7153465347,0.4610051993,0.2409012132,0.2980935875,0.5389948007,0.7173913043,0.6363636364,0.7659574468,0.75,0.3813559322,0.2371134021,0.2872928177,0.09378185525,0.1121304791,0.09582059123,0.1100917431,0.120285423,0.09887869521,0.369011213,0.4118246687,0.5881753313,0.4134615385,0.3873517787,0.4083333333,0.4795081967,0.4686346863,0.4511278195,0.3367346939,0.4440298507,0.4338842975,0.4940711462,0.4809160305,0.4325657895,0.4293272865,0.6363636364,0.6363636364,0.6222222222,0.9428571429,0.6842105263,0.825,0.6923076923,0.7727272727,0.6,0.8,0.25,0.2545454545,0.28,0.2931034483,0.3846153846,0.2903225806,0.2083333333,0.2833333333,0.3518518519,0.3770491803,0.1089108911,0.1089108911,0.1113861386,0.08663366337,0.09405940594,0.09900990099,0.09653465347,0.1089108911,0.09900990099,0.08663366337,0.06932409012,0.09532062392,0.08665511265,0.1005199307,0.1126516464,0.1074523397,0.1247833622,0.1039861352,0.09358752166,0.1057192374,198,91,115,266,139,172,66,70,72,81,45,23,104,289,172,461,92,110,94,108,118,97,362,404,577,28,28,28,33,26,33,27,34,24,28,10,14,14,17,25,18,15,17,19,23,44,44,45,35,38,40,39,44,40,35,40,55,50,58,65,62,72,60,54,61
,,0.5327413984,0.5477521249,0.5466680267,0.5389221557,0.2574850299,0.2035928144,0.7964071856,0.3844797178,0.2380952381,0.3774250441,0.6155202822,0.8333333333,0.8,0.7710843373,0.775,0.4,0.5813953488,0.3291770574,0.1065482797,0.08324084351,0.09211986681,0.08879023307,0.08879023307,0.09544950055,0.4450610433,0.3706992231,0.6293007769,0.474137931,0.5577889447,0.4491525424,0.4612403101,0.4763948498,0.5517241379,0.4541666667,0.4301075269,0.5910780669,0.5318181818,0.5033112583,0.4810017271,0.5094962841,0.7586206897,0.8684210526,0.7837837838,0.6944444444,0.96,0.7142857143,0.7435897436,0.7692307692,0.8918918919,0.8076923077,0.3793103448,0.3658536585,0.2962962963,0.3709677419,0.3442622951,0.4897959184,0.3148148148,0.2985074627,0.4769230769,0.4464285714,0.08682634731,0.1137724551,0.1107784431,0.1077844311,0.0748502994,0.08383233533,0.1167664671,0.1167664671,0.1107784431,0.07784431138,0.102292769,0.07231040564,0.09523809524,0.1093474427,0.1075837743,0.08641975309,0.09523809524,0.1181657848,0.114638448,0.0987654321,180,86,68,218,135,214,80,60,64,62,32,50,132,266,214,480,96,75,83,80,80,86,401,334,567,22,33,29,25,24,20,29,30,33,21,22,15,16,23,21,24,17,20,31,25,29,38,37,36,25,28,39,39,37,26,58,41,54,62,61,49,54,67,65,56
,,0.4508393285,0.4547071476,0.453989579,0.4355828221,0.2300613497,0.3343558282,0.6656441718,0.4330708661,0.2539370079,0.312992126,0.5669291339,0.6219512195,0.6555555556,0.696969697,0.6931818182,0.2558139535,0.2823529412,0.3353115727,0.09832134293,0.1079136691,0.07913669065,0.1055155875,0.103117506,0.1019184652,0.4040767386,0.3908872902,0.6091127098,0.4162162162,0.4166666667,0.3193277311,0.4711111111,0.4727272727,0.455,0.39,0.4270833333,0.381147541,0.4467213115,0.4590517241,0.4178832117,0.4194444444,0.7096774194,0.6944444444,0.53125,0.6060606061,0.7142857143,0.8214285714,0.6,0.5666666667,0.6315789474,0.7631578947,0.2682926829,0.2884615385,0.2413793103,0.4150943396,0.36,0.3125,0.32,0.3636363636,0.2678571429,0.3035714286,0.09509202454,0.1104294479,0.0981595092,0.1012269939,0.1073619632,0.08588957055,0.07668711656,0.09202453988,0.1165644172,0.1165644172,0.08070866142,0.1023622047,0.1141732283,0.1043307087,0.09842519685,0.09448818898,0.09842519685,0.08661417323,0.1102362205,0.1102362205,142,75,109,220,129,159,51,59,46,61,22,24,113,217,159,376,82,90,66,88,86,85,337,326,508,22,25,17,20,25,23,15,17,24,29,11,15,14,22,18,15,16,16,15,17,31,36,32,33,35,28,25,30,38,38,41,52,58,53,50,48,50,44,56,56
,,0.4481865285,0.4532971809,0.4564928743,0.4295302013,0.2785234899,0.2919463087,0.7080536913,0.4915611814,0.223628692,0.2848101266,0.5084388186,0.6447368421,0.6290322581,0.8055555556,0.7386363636,0.2777777778,0.2359550562,0.3003194888,0.09844559585,0.08031088083,0.0932642487,0.1139896373,0.0932642487,0.1152849741,0.4054404145,0.3860103627,0.6139896373,0.3755274262,0.3928571429,0.3974895397,0.4529411765,0.4901960784,0.3891402715,0.3333333333,0.4594594595,0.4253393665,0.3794871795,0.4360902256,0.4187380497,0.4002057613,0.6944444444,0.59375,0.7352941176,0.8636363636,0.696969697,0.7857142857,0.619047619,0.8,0.7027027027,0.6333333333,0.2363636364,0.2954545455,0.2631578947,0.3095238095,0.3913043478,0.2545454545,0.2222222222,0.3333333333,0.2857142857,0.2666666667,0.1208053691,0.1073825503,0.1140939597,0.07382550336,0.110738255,0.09395973154,0.07046979866,0.08389261745,0.1241610738,0.1006711409,0.1160337553,0.09282700422,0.1202531646,0.08860759494,0.0970464135,0.1160337553,0.07594936709,0.09493670886,0.1033755274,0.09493670886,128,83,87,233,106,135,49,39,58,65,20,21,94,211,135,346,76,62,72,88,72,89,313,298,474,25,19,25,19,23,22,13,20,26,19,13,13,15,13,18,14,8,15,14,12,36,32,34,22,33,28,21,25,37,30,55,44,57,42,46,55,36,45,49,45
,,0.4456094364,0.4418089516,0.4367891457,0.4649681529,0.2292993631,0.3057324841,0.6942675159,0.4988864143,0.2293986637,0.271714922,0.5011135857,0.7078651685,0.7042253521,0.7,0.6621621622,0.2777777778,0.3220338983,0.2610062893,0.1166448231,0.09305373526,0.1048492792,0.09698558322,0.09436435125,0.07732634338,0.4167758847,0.4115334207,0.5884665793,0.4242424242,0.3641975309,0.3618090452,0.3794871795,0.4459459459,0.4030612245,0.3762886598,0.4306930693,0.4139534884,0.4479166667,0.4468599034,0.3975409836,0.4144144144,0.8181818182,0.5416666667,0.7105263158,0.641025641,0.7692307692,0.6538461538,0.68,0.65625,0.7096774194,0.7037037037,0.2272727273,0.2894736842,0.1463414634,0.2051282051,0.2708333333,0.3125,0.2708333333,0.3260869565,0.2941176471,0.347826087,0.1050955414,0.07643312102,0.1210191083,0.1242038217,0.1242038217,0.08280254777,0.07961783439,0.101910828,0.09872611465,0.08598726115,0.09799554566,0.0846325167,0.09131403118,0.0868596882,0.1069042316,0.1069042316,0.1069042316,0.1024498886,0.1135857461,0.1024498886,146,72,96,224,103,122,63,50,56,49,20,19,83,218,122,340,89,71,80,74,72,59,318,314,449,27,13,27,25,30,17,17,21,22,19,10,11,6,8,13,15,13,15,15,16,33,24,38,39,39,26,25,32,31,27,44,38,41,39,48,48,48,46,51,46
,,0.4537177542,0.4436759571,0.4444366127,0.3875432526,0.23183391,0.3806228374,0.6193771626,0.4324324324,0.2432432432,0.3243243243,0.5675675676,0.5925925926,0.6393442623,0.5857142857,0.6623376623,0.2985074627,0.3725490196,0.3214285714,0.1229135053,0.09256449165,0.1062215478,0.1168437026,0.1016691958,0.07738998483,0.3823975721,0.4385432473,0.5614567527,0.2974358974,0.4015748031,0.335078534,0.4285714286,0.6643835616,0.4470588235,0.3716216216,0.4545454545,0.4074074074,0.4943820225,0.5709876543,0.4143835616,0.4371921182,0.5151515152,0.5769230769,0.5,0.7317073171,0.8,0.6071428571,0.5862068966,0.5862068966,0.5714285714,0.6896551724,0.1860465116,0.28,0.2666666667,0.2444444444,0.59375,0.3684210526,0.2333333333,0.375,0.35,0.4,0.1141868512,0.08996539792,0.09688581315,0.1418685121,0.08650519031,0.09688581315,0.1003460208,0.1003460208,0.07266435986,0.1003460208,0.1162162162,0.06756756757,0.1216216216,0.1216216216,0.08648648649,0.1027027027,0.08108108108,0.08648648649,0.1081081081,0.1081081081,112,67,110,160,90,120,48,39,41,51,20,19,81,179,120,299,81,61,70,77,67,51,252,289,370,17,15,14,30,20,17,17,17,12,20,8,7,12,11,19,14,7,12,14,16,33,26,28,41,25,28,29,29,21,29,43,25,45,45,32,38,30,32,40,40
,,0.4807395994,0.4699705984,0.4703460258,0.5107913669,0.1762589928,0.3129496403,0.6870503597,0.4123989218,0.2614555256,0.3261455526,0.5876010782,0.6578947368,0.7419354839,0.6315789474,0.734375,0.4262295082,0.2,0.3269230769,0.1171032357,0.09553158706,0.1171032357,0.09861325116,0.09399075501,0.07704160247,0.4006163328,0.4283513097,0.5716486903,0.4711538462,0.4465408805,0.4252873563,0.4455958549,0.4928909953,0.4352941176,0.4207317073,0.4125,0.3563218391,0.5625,0.5229110512,0.4565992866,0.4359903382,0.7368421053,0.5925925926,0.5641025641,0.6875,0.8409090909,0.64,0.6,0.7826086957,0.6666666667,0.75,0.3181818182,0.3714285714,0.3125,0.3255813953,0.243902439,0.35,0.3421052632,0.2631578947,0.2380952381,0.5,0.06834532374,0.09712230216,0.1402877698,0.1151079137,0.1582733813,0.08992805755,0.08992805755,0.08273381295,0.08633093525,0.07194244604,0.05929919137,0.09433962264,0.08625336927,0.115902965,0.1105121294,0.1078167116,0.102425876,0.102425876,0.1132075472,0.1078167116,142,49,87,153,97,121,50,46,48,47,26,10,85,191,121,312,76,62,76,64,61,50,260,278,371,14,16,22,22,37,16,15,18,16,15,7,13,10,14,10,14,13,10,10,20,19,27,39,32,44,25,25,23,24,20,22,35,32,43,41,40,38,38,42,40
,,0.4586092715,0.4551896285,0.4510097536,0.4817813765,0.2267206478,0.2914979757,0.7085020243,0.4649859944,0.2492997199,0.2857142857,0.5350140056,0.75,0.7121212121,0.6333333333,0.737704918,0.2676056338,0.2881355932,0.2907488987,0.09933774834,0.1092715232,0.09933774834,0.1009933775,0.1175496689,0.09768211921,0.3758278146,0.4089403974,0.5910596026,0.4545454545,0.3866666667,0.3228346457,0.3846153846,0.4522292994,0.3760683761,0.3548387097,0.5290697674,0.4385964912,0.4550898204,0.4537037037,0.4022988506,0.4360613811,0.85,0.5833333333,0.4347826087,0.75,0.7586206897,0.7222222222,0.6451612903,0.7931034483,0.8,0.7368421053,0.3157894737,0.2941176471,0.2592592593,0.2653061224,0.2727272727,0.2222222222,0.1612903226,0.3947368421,0.2432432432,0.3720930233,0.08097165992,0.0971659919,0.09311740891,0.0971659919,0.1174089069,0.07287449393,0.1255060729,0.1174089069,0.1214574899,0.07692307692,0.106442577,0.09523809524,0.0756302521,0.137254902,0.09243697479,0.0756302521,0.08683473389,0.106442577,0.1036414566,0.1204481793,119,56,72,166,89,102,45,47,38,45,19,17,66,175,102,277,60,66,60,61,71,59,227,247,357,17,14,10,18,22,13,20,23,24,14,12,10,7,13,9,6,5,15,9,16,20,24,23,24,29,18,31,29,30,19,38,34,27,49,33,27,31,38,37,43
,,0.4901960784,0.4727957597,0.4713209251,0.4590163934,0.2704918033,0.2704918033,0.7295081967,0.4984227129,0.1955835962,0.3059936909,0.5015772871,0.701754386,0.7254901961,0.7083333333,0.78125,0.3870967742,0.3275862069,0.2741116751,0.1016042781,0.09090909091,0.128342246,0.1140819964,0.110516934,0.1033868093,0.3511586453,0.4349376114,0.5650623886,0.5267857143,0.4461538462,0.4326241135,0.4431818182,0.5141242938,0.4295302013,0.4571428571,0.3064516129,0.3819444444,0.5410958904,0.5263157895,0.4714673913,0.426742532,0.7586206897,0.85,0.7407407407,0.72,0.7666666667,0.6071428571,0.7368421053,0.5882352941,0.7083333333,0.8,0.2777777778,0.2666666667,0.2413793103,0.3333333333,0.3846153846,0.3225806452,0.3529411765,0.2,0.21875,0.40625,0.118852459,0.08196721311,0.1106557377,0.1024590164,0.1229508197,0.1147540984,0.07786885246,0.06967213115,0.09836065574,0.1024590164,0.05678233438,0.09463722397,0.09148264984,0.1324921136,0.1230283912,0.09779179811,0.1072555205,0.09463722397,0.1009463722,0.1009463722,112,66,66,158,62,97,40,37,51,50,24,19,54,178,97,275,57,51,72,64,62,58,197,244,317,22,17,20,18,23,17,14,10,17,20,5,8,7,14,15,10,12,6,7,13,29,20,27,25,30,28,19,17,24,25,18,30,29,42,39,31,34,30,32,32
,,0.4453608247,0.4498508832,0.4451682896,0.455026455,0.2222222222,0.3227513228,0.6772486772,0.4763513514,0.2263513514,0.2972972973,0.5236486486,0.6382978723,0.6779661017,0.6904761905,0.7073170732,0.306122449,0.3125,0.2914572864,0.09690721649,0.1216494845,0.08659793814,0.08453608247,0.1010309278,0.09896907216,0.4103092784,0.3896907216,0.6103092784,0.5462962963,0.3203883495,0.3282442748,0.4365079365,0.452991453,0.4363636364,0.3676470588,0.4057971014,0.3524590164,0.4666666667,0.4599156118,0.4153846154,0.4067547724,0.7619047619,0.5454545455,0.5789473684,0.6666666667,0.7222222222,0.875,0.4117647059,0.5416666667,0.6153846154,0.9047619048,0.4090909091,0.2592592593,0.2258064516,0.3214285714,0.3333333333,0.2564102564,0.3529411765,0.3333333333,0.28125,0.2307692308,0.1111111111,0.0582010582,0.1005291005,0.1111111111,0.09523809524,0.126984127,0.08994708995,0.126984127,0.06878306878,0.1111111111,0.07432432432,0.09121621622,0.1047297297,0.09459459459,0.09121621622,0.1317567568,0.1148648649,0.1013513514,0.1081081081,0.08783783784,86,42,61,141,67,88,30,40,29,29,15,15,58,128,88,216,47,59,42,41,49,48,199,189,296,16,6,11,14,13,21,7,13,8,19,9,7,7,9,9,10,12,10,9,6,21,11,19,21,18,24,17,24,13,21,22,27,31,28,27,39,34,30,32,26
,,0.4447058824,0.4558529635,0.4629852066,0.4968152866,0.2356687898,0.2675159236,0.7324840764,0.4850746269,0.2388059701,0.276119403,0.5149253731,0.7692307692,0.8666666667,0.6451612903,0.619047619,0.2127659574,0.306122449,0.2848837209,0.09176470588,0.1058823529,0.07294117647,0.09882352941,0.1105882353,0.1152941176,0.4047058824,0.3694117647,0.6305882353,0.4158415842,0.3513513514,0.4351851852,0.3982300885,0.4715447154,0.3168316832,0.2935779817,0.4379562044,0.4782608696,0.4651162791,0.4688995215,0.4114671164,0.3961904762,0.75,0.8235294118,0.619047619,0.6315789474,0.7777777778,0.5384615385,0.875,0.75,0.7692307692,0.875,0.2608695652,0.2105263158,0.3181818182,0.28,0.3448275862,0.24,0.1935483871,0.3428571429,0.3636363636,0.2222222222,0.101910828,0.1082802548,0.1337579618,0.1210191083,0.1146496815,0.08280254777,0.05095541401,0.101910828,0.08280254777,0.101910828,0.08582089552,0.1417910448,0.08208955224,0.09328358209,0.1082089552,0.09328358209,0.1156716418,0.1305970149,0.08208955224,0.0671641791,78,37,42,130,64,74,30,39,20,26,10,15,49,115,74,189,39,45,31,42,47,49,172,157,268,12,14,13,12,14,7,7,12,10,14,6,8,7,7,10,6,6,12,8,4,16,17,21,19,18,13,8,16,13,16,23,38,22,25,29,25,31,35,22,18
,,0.5035971223,0.4845329059,0.4925306577,0.4804469274,0.2793296089,0.2402234637,0.7597765363,0.4537815126,0.2352941176,0.3109243697,0.5462184874,0.8510638298,0.8,0.7045454545,0.6578947368,0.08823529412,0.3333333333,0.3525641026,0.1127098321,0.1199040767,0.1055155875,0.09112709832,0.08153477218,0.1151079137,0.3741007194,0.4292565947,0.5707434053,0.5454545455,0.4588235294,0.4690265487,0.4310344828,0.4183673469,0.5517241379,0.3826086957,0.5,0.4848484848,0.389380531,0.4028436019,0.4637964775,0.4581105169,0.8333333333,0.7058823529,0.8421052632,0.6842105263,0.8125,0.6,0.7142857143,0.75,0.8095238095,0.8125,0.380952381,0.2941176471,0.28,0.3076923077,0.2272727273,0.5263157895,0.275862069,0.3181818182,0.3333333333,0.2222222222,0.1005586592,0.09497206704,0.1061452514,0.1061452514,0.08938547486,0.08379888268,0.0782122905,0.1340782123,0.1173184358,0.08938547486,0.08823529412,0.07142857143,0.1050420168,0.1092436975,0.09243697479,0.07983193277,0.1218487395,0.09243697479,0.1260504202,0.1134453782,86,50,43,108,56,74,40,40,31,25,3,16,55,136,74,210,47,50,44,38,34,48,156,179,238,15,12,16,13,13,9,10,18,17,13,8,5,7,8,5,10,8,7,10,6,18,17,19,19,16,15,14,24,21,16,21,17,25,26,22,19,29,22,30,27
,,0.4684466019,0.4715177734,0.4720353011,0.4528301887,0.213836478,0.3333333333,0.6666666667,0.4150197628,0.2411067194,0.3438735178,0.5849802372,0.6551724138,0.7111111111,0.7333333333,0.55,0.3023255814,0.375,0.3470588235,0.07038834951,0.109223301,0.109223301,0.09708737864,0.104368932,0.09708737864,0.4126213592,0.3859223301,0.6140776699,0.4623655914,0.3142857143,0.4680851064,0.5373134328,0.4201680672,0.4336283186,0.4112903226,0.4262295082,0.5154639175,0.3815789474,0.4051282051,0.4440366972,0.4342105263,0.7333333333,0.6,0.7142857143,0.6818181818,0.5384615385,0.8461538462,0.75,0.5789473684,0.5882352941,0.6363636364,0.3333333333,0.2,0.3636363636,0.4666666667,0.3870967742,0.3103448276,0.25,0.3571428571,0.4761904762,0.2777777778,0.09433962264,0.09433962264,0.08805031447,0.1383647799,0.08176100629,0.08176100629,0.1257861635,0.1194968553,0.106918239,0.06918238994,0.08300395257,0.09881422925,0.08695652174,0.1185770751,0.1225296443,0.1146245059,0.1106719368,0.1106719368,0.08300395257,0.07114624506,72,34,53,105,61,87,19,32,33,22,13,15,59,106,87,193,29,45,45,40,43,40,170,159,253,11,9,10,15,7,11,15,11,10,7,7,5,8,14,12,9,7,10,10,5,15,15,14,22,13,13,20,19,17,11,21,25,22,30,31,29,28,28,21,18
,,0.4914841849,0.5012670269,0.497125565,0.4394904459,0.2420382166,0.3184713376,0.6815286624,0.4094488189,0.2165354331,0.374015748,0.5905511811,0.7027027027,0.7407407407,0.675,0.641509434,0.3541666667,0.3333333333,0.3913043478,0.0900243309,0.06569343066,0.09732360097,0.1289537713,0.1167883212,0.1094890511,0.3917274939,0.3819951338,0.6180048662,0.4528301887,0.4090909091,0.4444444444,0.3888888889,0.5631067961,0.446969697,0.4318181818,0.5245901639,0.5479452055,0.4537037037,0.5071090047,0.4502712477,0.4780114723,0.5294117647,0.5625,0.5555555556,0.6,0.7857142857,0.619047619,0.5,0.8947368421,1,0.7777777778,0.4166666667,0.3461538462,0.4,0.3076923077,0.48,0.3666666667,0.4166666667,0.3571428571,0.3529411765,0.2916666667,0.1082802548,0.101910828,0.1146496815,0.09554140127,0.08917197452,0.1337579618,0.05095541401,0.1210191083,0.07006369427,0.1146496815,0.09448818898,0.1023622047,0.1181102362,0.1023622047,0.09842519685,0.1181102362,0.09448818898,0.1102362205,0.06692913386,0.09448818898,69,38,50,104,55,95,26,20,27,34,17,15,63,107,95,202,37,27,40,53,48,45,161,157,254,9,9,10,9,11,13,4,17,11,14,10,9,12,8,12,11,10,10,6,7,17,16,18,15,14,21,8,19,11,18,24,26,30,26,25,30,24,28,17,24
,,0.4050632911,0.4234683149,0.421293914,0.4027777778,0.2777777778,0.3194444444,0.6805555556,0.5458167331,0.2071713147,0.2470119522,0.4541832669,0.6764705882,0.625,0.7333333333,0.7,0.2444444444,0.1304347826,0.28125,0.08607594937,0.1012658228,0.07594936709,0.1012658228,0.1139240506,0.1164556962,0.4050632911,0.364556962,0.635443038,0.3739130435,0.2448979592,0.28125,0.2432432432,0.5333333333,0.44,0.2840909091,0.3300970874,0.3913043478,0.5391304348,0.5368421053,0.3252525253,0.4047619048,0.5714285714,0.6,0.6,0.5,0.8888888889,0.8947368421,0.625,0.7272727273,0.652173913,0.6956521739,0.3103448276,0.1538461538,0.1363636364,0.1724137931,0.4210526316,0.2413793103,0.2083333333,0.2222222222,0.2173913043,0.4347826087,0.09722222222,0.06944444444,0.1041666667,0.08333333333,0.0625,0.1319444444,0.05555555556,0.07638888889,0.1597222222,0.1597222222,0.1155378486,0.1035856574,0.08764940239,0.1155378486,0.07569721116,0.1155378486,0.09561752988,0.1075697211,0.09163346614,0.09163346614,58,40,46,137,52,62,23,25,22,28,11,6,45,98,62,160,34,40,30,40,45,46,160,144,251,8,6,9,6,8,17,5,8,15,16,9,4,3,5,8,7,5,6,5,10,14,10,15,12,9,19,8,11,23,23,29,26,22,29,19,29,24,27,23,23
,,0.4707446809,0.4689759123,0.4587930106,0.48,0.2066666667,0.3133333333,0.6866666667,0.4557522124,0.2168141593,0.3274336283,0.5442477876,0.6764705882,0.7142857143,0.6666666667,0.6896551724,0.2424242424,0.4634146341,0.3092105263,0.09042553191,0.1117021277,0.1196808511,0.07712765957,0.08776595745,0.1090425532,0.4042553191,0.3989361702,0.6010638298,0.57,0.3577235772,0.4838709677,0.3076923077,0.4065934066,0.4601769912,0.3617021277,0.4025974026,0.4337349398,0.5277777778,0.472361809,0.4333996024,0.4421052632,0.7826086957,0.4666666667,0.7058823529,0.5384615385,0.625,0.7368421053,0.7272727273,0.6153846154,0.75,0.8,0.3888888889,0.3225806452,0.4,0.1538461538,0.36,0.32,0.25,0.2941176471,0.2352941176,0.4230769231,0.1533333333,0.1,0.1133333333,0.08666666667,0.05333333333,0.1266666667,0.07333333333,0.08666666667,0.1066666667,0.1,0.0796460177,0.1371681416,0.1327433628,0.05752212389,0.110619469,0.110619469,0.1061946903,0.07522123894,0.07522123894,0.1150442478,72,31,47,103,49,74,23,30,30,20,8,19,47,103,74,177,34,42,45,29,33,41,152,150,226,18,7,12,7,5,14,8,8,12,12,7,10,12,2,9,8,6,5,4,11,23,15,17,13,8,19,11,13,16,15,18,31,30,13,25,25,24,17,17,26
,,0.4525745257,0.4595999075,0.4649085892,0.4740740741,0.2074074074,0.3185185185,0.6814814815,0.4358974359,0.2435897436,0.3205128205,0.5641025641,0.7575757576,0.7441860465,0.6551724138,0.5333333333,0.3076923077,0.2647058824,0.3333333333,0.08943089431,0.1165311653,0.07859078591,0.08130081301,0.07046070461,0.09214092141,0.4715447154,0.3658536585,0.6341463415,0.414893617,0.3854166667,0.3913043478,0.3838383838,0.5254237288,0.2842105263,0.5,0.4285714286,0.4639175258,0.4019607843,0.4681818182,0.4248496994,0.4164904863,0.6428571429,0.5333333333,0.8571428571,0.8333333333,0.7647058824,0.5625,0.8333333333,0.6,0.6428571429,0.5833333333,0.3181818182,0.3181818182,0.3076923077,0.24,0.4285714286,0.1428571429,0.3181818182,0.3684210526,0.3913043478,0.3461538462,0.1037037037,0.1111111111,0.05185185185,0.08888888889,0.1259259259,0.1185185185,0.1333333333,0.07407407407,0.1037037037,0.08888888889,0.09401709402,0.09401709402,0.1111111111,0.1068376068,0.1196581197,0.08974358974,0.09401709402,0.0811965812,0.09829059829,0.1111111111,64,28,43,102,57,75,25,32,19,16,8,9,58,92,75,167,33,43,29,30,26,34,174,135,234,9,8,6,10,13,9,15,6,9,7,7,7,8,6,12,3,7,7,9,9,14,15,7,12,17,16,18,10,14,12,22,22,26,25,28,21,22,19,23,26
,,0.4431818182,0.4267745111,0.4330293547,0.4480519481,0.2207792208,0.3311688312,0.6688311688,0.5101010101,0.2222222222,0.2676767677,0.4898989899,0.65,0.6666666667,0.6206896552,0.7209302326,0.40625,0.2941176471,0.2272727273,0.1136363636,0.1193181818,0.08238636364,0.1221590909,0.09090909091,0.09659090909,0.375,0.4375,0.5625,0.2197802198,0.4576271186,0.4193548387,0.5074626866,0.3578947368,0.4468085106,0.4444444444,0.2857142857,0.5064935065,0.4302325581,0.3922651934,0.3900862069,0.4200913242,0.5,0.5769230769,0.6,0.7857142857,0.6875,0.6428571429,0.7333333333,0.6363636364,0.75,0.8461538462,0.09523809524,0.3636363636,0.3333333333,0.3076923077,0.1904761905,0.3636363636,0.3,0.1739130435,0.3333333333,0.25,0.09090909091,0.1688311688,0.0974025974,0.09090909091,0.1038961039,0.09090909091,0.0974025974,0.07142857143,0.1038961039,0.08441558442,0.1060606061,0.1111111111,0.1060606061,0.06565656566,0.1060606061,0.1111111111,0.101010101,0.1161616162,0.07575757576,0.101010101,69,34,51,101,44,53,26,28,18,31,13,10,30,103,53,156,40,42,29,43,32,34,132,154,198,7,15,9,11,11,9,11,7,12,11,2,8,7,4,4,8,6,4,5,5,14,26,15,14,16,14,15,11,16,13,21,22,21,13,21,22,20,23,15,20
,,0.4005934718,0.4122003948,0.415069795,0.4365079365,0.2380952381,0.3253968254,0.6746031746,0.5118483412,0.2511848341,0.2369668246,0.4881516588,0.72,0.6451612903,0.6842105263,0.65625,0.1515151515,0.1944444444,0.2676056338,0.07418397626,0.09198813056,0.1127596439,0.09495548961,0.09792284866,0.1068249258,0.4213649852,0.3738872404,0.6261127596,0.4512195122,0.3125,0.3859649123,0.3333333333,0.4942528736,0.3404255319,0.3868613139,0.2608695652,0.3363636364,0.3125,0.417218543,0.3969072165,0.3340040241,0.7857142857,0.6666666667,0.5555555556,0.5555555556,0.7333333333,0.7142857143,0.5909090909,0.8571428571,0.6875,0.6363636364,0.2777777778,0.2307692308,0.3076923077,0.25,0.3684210526,0.1818181818,0.2903225806,0.1538461538,0.1923076923,0.1428571429,0.1111111111,0.07142857143,0.07142857143,0.07142857143,0.119047619,0.1111111111,0.1746031746,0.05555555556,0.126984127,0.0873015873,0.08530805687,0.1232227488,0.06161137441,0.07582938389,0.09004739336,0.1042654028,0.1469194313,0.1232227488,0.1232227488,0.0663507109,55,30,41,108,53,50,18,20,26,21,5,7,38,85,50,135,25,31,38,32,33,36,142,126,211,11,6,5,5,11,10,13,6,11,7,5,6,4,4,7,4,9,4,5,2,14,9,9,9,15,14,22,7,16,11,18,26,13,16,19,22,31,26,26,14
,,0.5030864198,0.4905579968,0.4946620564,0.4335664336,0.2447552448,0.3216783217,0.6783216783,0.4033149171,0.2320441989,0.364640884,0.5966850829,0.7179487179,0.6388888889,0.7,0.6578947368,0.3225806452,0.3928571429,0.368852459,0.1203703704,0.1111111111,0.09259259259,0.1172839506,0.09567901235,0.08641975309,0.3765432099,0.4413580247,0.5586419753,0.4395604396,0.487804878,0.4,0.4583333333,0.6266666667,0.4464285714,0.4714285714,0.4803921569,0.4931506849,0.4468085106,0.5266272189,0.4769585253,0.4683544304,0.4705882353,0.5714285714,0.8,0.5833333333,0.7222222222,0.7142857143,0.8571428571,0.7333333333,0.6,0.8181818182,0.4210526316,0.4444444444,0.2,0.4166666667,0.5384615385,0.3571428571,0.2142857143,0.375,0.3636363636,0.3333333333,0.1188811189,0.0979020979,0.1048951049,0.08391608392,0.1258741259,0.04895104895,0.0979020979,0.1048951049,0.1398601399,0.07692307692,0.1049723757,0.09944751381,0.1104972376,0.1325966851,0.07182320442,0.0773480663,0.0773480663,0.1325966851,0.06077348066,0.1325966851,62,35,46,73,42,66,28,23,21,25,10,11,45,97,66,163,39,36,30,38,31,28,122,143,181,8,8,12,7,13,5,12,11,12,9,8,8,4,10,7,5,3,9,4,8,17,14,15,12,18,7,14,15,20,11,19,18,20,24,13,14,14,24,11,24
,,0.4657980456,0.4556419312,0.461708372,0.3828125,0.3125,0.3046875,0.6953125,0.4301675978,0.2681564246,0.3016759777,0.5698324022,0.7352941176,0.5769230769,0.7,0.7368421053,0.3870967742,0.2962962963,0.2809917355,0.1107491857,0.08469055375,0.09771986971,0.1237785016,0.1009771987,0.08794788274,0.3941368078,0.4169381107,0.5830618893,0.5135135135,0.4588235294,0.25,0.6037735849,0.4285714286,0.4270833333,0.36,0.4637681159,0.3392857143,0.4736842105,0.4532374101,0.4444444444,0.4130982368,0.8333333333,0.8181818182,0.6,0.7692307692,0.75,0.5555555556,0.5454545455,0.7777777778,0.7142857143,0.6428571429,0.36,0.3333333333,0.05555555556,0.4444444444,0.2307692308,0.35,0.3076923077,0.3529411765,0.2142857143,0.375,0.140625,0.0859375,0.1171875,0.1015625,0.09375,0.140625,0.0859375,0.0703125,0.0546875,0.109375,0.1396648045,0.1173184358,0.1005586592,0.05027932961,0.07262569832,0.1117318436,0.1452513966,0.09497206704,0.0782122905,0.08938547486,49,40,39,77,48,54,25,15,21,28,12,8,34,89,54,143,34,26,30,38,31,27,121,128,179,15,9,9,10,9,10,6,7,5,9,9,7,1,4,3,7,8,6,3,6,18,11,15,13,12,18,11,9,7,14,25,21,18,9,13,20,26,17,14,16
,,0.486013986,0.4816913979,0.4775250101,0.3716814159,0.2477876106,0.3805309735,0.6194690265,0.3988439306,0.2023121387,0.3988439306,0.6011560694,0.52,0.5,0.7352941176,0.6923076923,0.5333333333,0.4285714286,0.3518518519,0.08741258741,0.0979020979,0.1188811189,0.09090909091,0.1048951049,0.1223776224,0.3776223776,0.3951048951,0.6048951049,0.5747126437,0.2631578947,0.5402298851,0.5342465753,0.5333333333,0.4594594595,0.4861111111,0.5223880597,0.3513513514,0.3866666667,0.4518518519,0.4908616188,0.4392265193,0.5833333333,0.5,0.5833333333,0.8571428571,0.4444444444,0.8461538462,0.4444444444,0.6363636364,0.7,0.4444444444,0.5714285714,0.125,0.5238095238,0.3333333333,0.5714285714,0.25,0.5,0.4666666667,0.2222222222,0.3684210526,0.1061946903,0.1238938053,0.1061946903,0.1238938053,0.0796460177,0.1150442478,0.0796460177,0.09734513274,0.08849557522,0.0796460177,0.1213872832,0.09248554913,0.1213872832,0.08670520231,0.08092485549,0.09248554913,0.1040462428,0.08670520231,0.1040462428,0.1098265896,42,28,43,69,35,69,13,14,25,18,16,15,38,70,69,139,25,28,34,26,30,35,108,113,173,7,7,7,12,4,11,4,7,7,4,12,2,11,5,8,4,9,7,4,7,12,14,12,14,9,13,9,11,10,9,21,16,21,15,14,16,18,15,18,19
,,0.3953488372,0.4100261442,0.4030536957,0.4479166667,0.2083333333,0.34375,0.65625,0.537037037,0.2222222222,0.2407407407,0.462962963,0.7272727273,0.7391304348,0.6296296296,0.5416666667,0.25,0.32,0.2231404959,0.08527131783,0.08914728682,0.1046511628,0.09302325581,0.06201550388,0.09689922481,0.4689922481,0.3720930233,0.6279069767,0.3186813187,0.3086419753,0.2264150943,0.421875,0.2542372881,0.4032258065,0.2615384615,0.4246575342,0.4833333333,0.4714285714,0.3720930233,0.3103448276,0.4090909091,0.6363636364,0.8333333333,0.4285714286,0.5454545455,0.4285714286,0.8,0.5384615385,0.7272727273,0.8333333333,0.75,0.2173913043,0.2173913043,0.1538461538,0.3571428571,0.2,0.2142857143,0.07692307692,0.2941176471,0.25,0.3888888889,0.1145833333,0.0625,0.07291666667,0.1145833333,0.07291666667,0.1041666667,0.1354166667,0.1145833333,0.125,0.08333333333,0.1419753086,0.1419753086,0.08024691358,0.08641975309,0.09259259259,0.08641975309,0.08024691358,0.1049382716,0.07407407407,0.1111111111,43,20,33,87,36,39,16,17,17,13,4,8,27,63,39,102,22,23,27,24,16,25,121,96,162,7,5,3,6,3,8,7,8,10,6,5,5,2,5,3,3,1,5,3,7,11,6,7,11,7,10,13,11,12,8,23,23,13,14,15,14,13,17,12,18
,,0.4140625,0.4130410305,0.4156670157,0.4245283019,0.1698113208,0.4056603774,0.5943396226,0.5,0.2133333333,0.2866666667,0.5,0.7,0.5,0.7,0.5,0.2173913043,0.2068965517,0.3265306122,0.078125,0.109375,0.1171875,0.109375,0.08984375,0.11328125,0.3828125,0.4140625,0.5859375,0.2988505747,0.4318181818,0.2586206897,0.3387096774,0.4920634921,0.4905660377,0.3142857143,0.4444444444,0.4126984127,0.40625,0.4488188976,0.3659217877,0.4078947368,0.4666666667,0.7142857143,0.6,0.3,0.6666666667,0.7,0.4545454545,0.6666666667,0.7777777778,0.6363636364,0.2105263158,0.3,0.1875,0.3571428571,0.3846153846,0.3636363636,0.25,0.3333333333,0.2666666667,0.2857142857,0.141509434,0.1320754717,0.04716981132,0.09433962264,0.1132075472,0.09433962264,0.1037735849,0.08490566038,0.08490566038,0.1037735849,0.1266666667,0.1333333333,0.1066666667,0.09333333333,0.08666666667,0.07333333333,0.1066666667,0.08,0.1,0.09333333333,45,18,43,75,32,43,14,14,21,14,5,6,32,63,43,106,20,28,30,28,23,29,98,106,150,7,10,3,3,8,7,5,6,7,7,4,6,3,5,5,4,4,4,4,4,15,14,5,10,12,10,11,9,9,11,19,20,16,14,13,11,16,12,15,14
,,0.5546558704,0.5419292861,0.5547777778,0.5283018868,0.2452830189,0.2264150943,0.7735849057,0.3758865248,0.2340425532,0.390070922,0.6241134752,0.7407407407,0.875,0.7333333333,0.7058823529,0.4545454545,0.4444444444,0.3663366337,0.1093117409,0.1295546559,0.1214574899,0.06882591093,0.08906882591,0.07287449393,0.4089068826,0.4291497976,0.5708502024,0.5384615385,0.4520547945,0.4705882353,0.5147058824,0.5692307692,0.5588235294,0.5873015873,0.5396825397,0.4782608696,0.4935064935,0.5281690141,0.5085227273,0.5300353357,0.75,0.8571428571,0.7,0.625,0.8,1,0.8888888889,0.8888888889,0.5714285714,1,0.4444444444,0.2,0.375,0.4166666667,0.4666666667,0.375,0.4666666667,0.4,0.3333333333,0.380952381,0.1132075472,0.1320754717,0.09433962264,0.1509433962,0.09433962264,0.04716981132,0.08490566038,0.08490566038,0.1320754717,0.06603773585,0.1276595745,0.1063829787,0.1134751773,0.08510638298,0.1063829787,0.05673758865,0.1063829787,0.1063829787,0.04255319149,0.1489361702,56,26,24,53,33,55,20,28,22,12,10,8,37,82,55,137,27,32,30,17,22,18,101,106,141,9,12,7,10,8,5,8,8,8,7,8,3,6,5,7,3,7,6,2,8,12,14,10,16,10,5,9,9,14,7,18,15,16,12,15,8,15,15,6,21
,,0.4773662551,0.4599952771,0.4680931013,0.4727272727,0.2272727273,0.3,0.7,0.4812030075,0.2255639098,0.2932330827,0.5187969925,0.7407407407,0.6666666667,0.696969697,0.7058823529,0.1923076923,0.3529411765,0.3111111111,0.1111111111,0.1358024691,0.1358024691,0.06995884774,0.1069958848,0.06995884774,0.3703703704,0.4526748971,0.5473251029,0.3846153846,0.4769230769,0.25,0.2033898305,0.5454545455,0.4459459459,0.4210526316,0.3518518519,0.7922077922,0.4285714286,0.5,0.3663366337,0.5063291139,0.8,0.8,0.6666666667,0.6,0.6428571429,0.6923076923,0.7142857143,0.5555555556,0.7727272727,0.75,0.2857142857,0.3333333333,0.1111111111,0,0.4444444444,0.3125,0.25,0.25,0.8181818182,0.3333333333,0.04545454545,0.09090909091,0.08181818182,0.09090909091,0.1272727273,0.1181818182,0.1272727273,0.08181818182,0.2,0.03636363636,0.1052631579,0.1127819549,0.1353383459,0.0977443609,0.06766917293,0.1203007519,0.1203007519,0.09022556391,0.08270676692,0.06766917293,52,25,33,64,30,39,20,22,23,12,5,6,28,77,39,116,27,33,33,17,26,17,90,110,133,4,8,6,6,9,9,10,5,17,3,4,5,2,0,4,5,4,3,9,3,5,10,9,10,14,13,14,9,22,4,14,15,18,13,9,16,16,12,11,9
,,0.4761904762,0.4686941018,0.4763353313,0.4526315789,0.2421052632,0.3052631579,0.6947368421,0.4411764706,0.2352941176,0.3235294118,0.5588235294,0.6363636364,0.6538461538,0.75,0.7391304348,0.4,0.2941176471,0.3033707865,0.09523809524,0.1125541126,0.1038961039,0.09956709957,0.1298701299,0.07359307359,0.3852813853,0.4112554113,0.5887445887,0.4561403509,0.3389830508,0.5172413793,0.4142857143,0.3921568627,0.4576271186,0.4259259259,0.5238095238,0.3529411765,0.5423728814,0.4727272727,0.4237288136,0.4587458746,0.6666666667,0.7,0.8181818182,0.875,0.6666666667,0.6,0.6666666667,0.75,0.6,0.625,0.4,0.1538461538,0.3333333333,0.2777777778,0.3076923077,0.3846153846,0.3571428571,0.3846153846,0.25,0.4444444444,0.06315789474,0.1052631579,0.1157894737,0.08421052632,0.06315789474,0.1052631579,0.06315789474,0.1263157895,0.1052631579,0.1684210526,0.1102941176,0.09558823529,0.08823529412,0.1323529412,0.09558823529,0.09558823529,0.1029411765,0.09558823529,0.1176470588,0.06617647059,43,23,29,60,32,44,14,17,18,17,12,5,27,66,44,110,22,26,24,23,30,17,89,95,136,4,7,9,7,4,6,4,9,6,10,6,2,4,5,4,5,5,5,4,4,6,10,11,8,6,10,6,12,10,16,15,13,12,18,13,13,14,13,16,9
,,0.4814814815,0.4779573935,0.4948587817,0.402173913,0.2391304348,0.3586956522,0.6413043478,0.4112903226,0.2258064516,0.3629032258,0.5887096774,0.6,0.7894736842,0.6071428571,0.6,0.4210526316,0.1904761905,0.3928571429,0.1157407407,0.08796296296,0.1296296296,0.09259259259,0.08796296296,0.09722222222,0.3888888889,0.4259259259,0.5740740741,0.3620689655,0.5471698113,0.2244897959,0.8214285714,0.3698630137,0.3492063492,0.6034482759,0.4146341463,0.5125,0.5094339623,0.4285714286,0.4252873563,0.4813559322,0.75,0.5384615385,0.8,0.8,0.7058823529,0.5555555556,0.6363636364,0.5714285714,0.5714285714,0.6,0.2142857143,0.5555555556,0.07692307692,0.8333333333,0.07692307692,0.2666666667,0.5833333333,0.3333333333,0.5,0.4545454545,0.08695652174,0.1413043478,0.05434782609,0.05434782609,0.1847826087,0.09782608696,0.1195652174,0.07608695652,0.07608695652,0.1086956522,0.1129032258,0.07258064516,0.1048387097,0.04838709677,0.1048387097,0.1209677419,0.09677419355,0.07258064516,0.1774193548,0.08870967742,37,22,33,51,28,45,15,15,17,12,8,4,33,59,45,104,25,19,28,20,19,21,84,92,124,6,7,4,4,12,5,7,4,4,6,3,5,1,5,1,4,7,3,11,5,8,13,5,5,17,9,11,7,7,10,14,9,13,6,13,15,12,9,22,11
,,0.4360189573,0.446244665,0.4506996337,0.5180722892,0.1807228916,0.3012048193,0.6987951807,0.4609375,0.2734375,0.265625,0.5390625,0.6818181818,0.75,0.7857142857,0.6296296296,0.16,0.3333333333,0.2804878049,0.1042654028,0.09478672986,0.0663507109,0.1279620853,0.1184834123,0.09952606635,0.3886255924,0.3933649289,0.6066350711,0.4776119403,0.5909090909,0.575,0.223880597,0.4677419355,0.265625,0.4318181818,0.3392857143,0.1777777778,0.4918032787,0.4796747967,0.4464285714,0.3444444444,0.6363636364,1,0.8,0.5454545455,1,0.5,0.7142857143,0.5,0.6666666667,0.8181818182,0.4,0.4,0.5,0.06666666667,0.3125,0.1875,0.3,0.25,0,0.3076923077,0.1325301205,0.0843373494,0.06024096386,0.1325301205,0.0843373494,0.09638554217,0.0843373494,0.1204819277,0.07228915663,0.1325301205,0.1171875,0.078125,0.078125,0.1171875,0.125,0.125,0.078125,0.09375,0.0859375,0.1015625,43,15,25,59,35,34,15,15,11,17,4,7,23,58,34,92,22,20,14,27,25,21,82,83,128,7,7,4,6,7,4,5,5,4,9,6,4,5,1,5,3,3,3,0,4,11,7,5,11,7,8,7,10,6,11,15,10,10,15,16,16,10,12,11,13
,,0.3881578947,0.4045228546,0.4078138528,0.4150943396,0.2452830189,0.3396226415,0.6603773585,0.5555555556,0.202020202,0.2424242424,0.4444444444,0.6666666667,0.7857142857,0.5,0.6875,0.1818181818,0.4,0.2058823529,0.05921052632,0.09210526316,0.09210526316,0.1052631579,0.07236842105,0.1315789474,0.4473684211,0.3486842105,0.6513157895,0.4871794872,0.406779661,0.2592592593,0.1875,0.46875,0.2926829268,0.2903225806,0.425,0.3541666667,0.2962962963,0.3604651163,0.3756613757,0.3317757009,0.8333333333,0.8571428571,0.6666666667,0.4285714286,0.75,0.75,0.6,0.5,0.6666666667,0.6666666667,0.3333333333,0.2666666667,0.1428571429,0,0.375,0.1818181818,0.1428571429,0.375,0.25,0.25,0.1132075472,0.1320754717,0.05660377358,0.1320754717,0.07547169811,0.07547169811,0.09433962264,0.1509433962,0.1132075472,0.05660377358,0.09090909091,0.1515151515,0.07070707071,0.06060606061,0.08080808081,0.1111111111,0.07070707071,0.08080808081,0.1212121212,0.1616161616,22,13,18,55,20,24,6,11,7,11,2,8,14,35,24,59,9,14,14,16,11,20,68,53,99,5,6,2,3,3,3,3,4,4,2,3,4,1,0,3,2,1,3,3,4,6,7,3,7,4,4,5,8,6,3,9,15,7,6,8,11,7,8,12,16
,,0.4539473684,0.4541717377,0.438972583,0.4677419355,0.2741935484,0.2580645161,0.7419354839,0.5,0.2444444444,0.2555555556,0.5,0.8,0.7333333333,0.6470588235,0.8,0.1176470588,0.1333333333,0.3275862069,0.09868421053,0.09868421053,0.1118421053,0.09868421053,0.1118421053,0.09868421053,0.3815789474,0.4078947368,0.5921052632,0.3157894737,0.6,0.4444444444,0.3888888889,0.1538461538,0.5952380952,0.3921568627,0.2972972973,0.4722222222,0.42,0.3289473684,0.3764044944,0.4351851852,0.75,1,0.8888888889,0.6666666667,0.5,0.8333333333,0.7777777778,0.2,0.7777777778,0.8571428571,0.2,0.3333333333,0.2666666667,0.25,0,0.5,0.1818181818,0.3333333333,0.1666666667,0.25,0.06451612903,0.04838709677,0.1451612903,0.09677419355,0.06451612903,0.09677419355,0.1451612903,0.08064516129,0.1451612903,0.1129032258,0.1111111111,0.03333333333,0.1666666667,0.08888888889,0.06666666667,0.1111111111,0.1222222222,0.1,0.06666666667,0.1333333333,29,17,16,45,22,23,12,11,11,12,2,2,19,46,23,69,15,15,17,15,17,15,58,62,90,3,3,8,4,2,5,7,1,7,6,2,1,4,2,0,5,2,3,1,3,4,3,9,6,4,6,9,5,9,7,10,3,15,8,6,10,11,9,6,12
,,0.4726027397,0.4840230358,0.4791061932,0.4166666667,0.2083333333,0.375,0.625,0.3775510204,0.2244897959,0.3979591837,0.6224489796,0.6923076923,0.4545454545,0.6363636364,0.6923076923,0.2,0.4,0.4411764706,0.08904109589,0.07534246575,0.07534246575,0.08904109589,0.102739726,0.102739726,0.4657534247,0.3287671233,0.6712328767,0.2857142857,0.4411764706,0.3787878788,0.4571428571,0.2,0.5,0.5849056604,0.511627907,0.55,0.5,0.4081632653,0.3697916667,0.5353535354,0.5,0.6,0.5555555556,0.5,,0.5,0.7142857143,0.625,1,0.5,0.2,0.375,0.3125,0.4444444444,0.2,0.5,0.5384615385,0.4444444444,0.4,0.5,0.125,0.1041666667,0.1875,0.08333333333,0,0.04166666667,0.1458333333,0.1666666667,0.1041666667,0.04166666667,0.1020408163,0.08163265306,0.1632653061,0.09183673469,0.05102040816,0.08163265306,0.1326530612,0.09183673469,0.1020408163,0.1020408163,20,10,18,37,22,39,9,5,7,9,3,6,30,30,39,69,13,11,11,13,15,15,68,48,98,3,3,5,2,0,1,5,5,5,1,2,3,5,4,1,4,7,4,4,5,6,5,9,4,0,2,7,8,5,2,10,8,16,9,5,8,13,9,10,10
,,0.4,0.4397447324,0.4098623482,0.4468085106,0.2553191489,0.2978723404,0.7021276596,0.5053763441,0.247311828,0.247311828,0.4946236559,0.6923076923,0.7777777778,0.75,0.6470588235,0.3636363636,0.1666666667,0.25,0.09285714286,0.06428571429,0.05714285714,0.1214285714,0.07857142857,0.1285714286,0.4571428571,0.3357142857,0.6642857143,0.35,0.4848484848,0.36,0.5,0.4827586207,0.1904761905,0.1860465116,0.6571428571,0.3333333333,0.2985074627,0.3541666667,0.4285714286,0.3185840708,0.8,0.8333333333,0,0.5,1,0.3333333333,0.5,1,0.3333333333,0.8,0.2,0.2857142857,0.4285714286,0.5,0.2857142857,0.1666666667,0.1538461538,0.2,0.3333333333,0.2105263158,0.1063829787,0.1276595745,0.04255319149,0.08510638298,0.08510638298,0.06382978723,0.04255319149,0.2127659574,0.1276595745,0.1063829787,0.1075268817,0.0752688172,0.0752688172,0.04301075269,0.0752688172,0.1290322581,0.1397849462,0.05376344086,0.09677419355,0.2043010753,21,12,14,47,23,23,9,7,6,11,4,3,16,33,23,56,13,9,8,17,11,18,64,47,93,4,5,0,2,4,1,1,10,2,4,2,2,3,2,2,2,2,1,3,4,5,6,2,4,4,3,2,10,6,5,10,7,7,4,7,12,13,5,9,19
,,0.4705882353,0.4579187479,0.4826129981,0.5454545455,0.2,0.2545454545,0.7454545455,0.4444444444,0.2716049383,0.2839506173,0.5555555556,0.5,0.7692307692,0.8333333333,0.7857142857,0.4,0.09090909091,0.3,0.07352941176,0.09558823529,0.1323529412,0.1029411765,0.07352941176,0.08088235294,0.4411764706,0.4044117647,0.5955882353,0.4545454545,0.3265306122,0.3333333333,0.3461538462,0.5483870968,0.3142857143,0.4339622642,0.4523809524,0.75,0.375,0.4603174603,0.3987730061,0.4526315789,1,0.625,0.3333333333,0.75,0.8,1,0.5714285714,0.8888888889,0.75,0.75,0.3333333333,0.1818181818,0.3333333333,0.1666666667,0.4285714286,0.1111111111,0.3846153846,0.125,0.75,0.25,0.05454545455,0.1454545455,0.05454545455,0.07272727273,0.09090909091,0.07272727273,0.1272727273,0.1636363636,0.1454545455,0.07272727273,0.1111111111,0.1358024691,0.07407407407,0.07407407407,0.08641975309,0.1111111111,0.1604938272,0.0987654321,0.04938271605,0.0987654321,30,11,14,36,22,23,5,10,15,11,4,1,18,41,23,64,10,13,18,14,10,11,60,55,81,3,5,1,3,4,4,4,8,6,3,3,2,2,1,3,1,5,1,3,2,3,8,3,4,5,4,7,9,8,4,9,11,6,6,7,9,13,8,4,8
,,0.4296296296,0.4385727723,0.3998253968,0.4181818182,0.2363636364,0.3454545455,0.6545454545,0.5625,0.1625,0.275,0.4375,0.8,0.6923076923,0.4736842105,0.7692307692,0.2666666667,0.2727272727,0.2777777778,0.07407407407,0.0962962963,0.1407407407,0.0962962963,0.1111111111,0.08148148148,0.4,0.4074074074,0.5925925926,0.4193548387,0.225,0.5142857143,0.3636363636,0.2258064516,0.2333333333,0.32,0.5476190476,0.2,0.6440677966,0.5,0.3459119497,0.4345549738,1,0.375,0.8571428571,0.5,0.4,0.3333333333,0.5,0.7777777778,0.5,1,0.1428571429,0.125,0.2857142857,0.3333333333,0.1428571429,0.1666666667,0.2857142857,0.375,0.1111111111,0.5333333333,0.09090909091,0.1454545455,0.1272727273,0.03636363636,0.09090909091,0.1090909091,0.03636363636,0.1636363636,0.07272727273,0.1272727273,0.0875,0.1,0.0875,0.075,0.0875,0.075,0.0875,0.1,0.1125,0.1875,23,13,19,45,13,22,8,9,9,10,4,3,15,36,22,58,10,13,19,13,15,11,54,55,80,5,3,6,1,2,2,1,7,2,7,1,1,2,2,1,1,2,3,1,8,5,8,7,2,5,6,2,9,4,7,7,8,7,6,7,6,7,8,9,15
,,0.4765625,0.5146164056,0.5052350427,0.6363636364,0.2045454545,0.1590909091,0.8409090909,0.5119047619,0.2023809524,0.2857142857,0.4880952381,0.8461538462,0.875,0.8333333333,0.8181818182,0.3,0.1904761905,0.320754717,0.1015625,0.0625,0.09375,0.0859375,0.078125,0.1640625,0.4140625,0.34375,0.65625,0.4193548387,0.4705882353,0.5,0.5,0.5277777778,0.4358974359,0.4857142857,0.2666666667,0.3636363636,0.3191489362,0.4096385542,0.4850299401,0.3757225434,1,1,1,1,0.8888888889,0.6666666667,1,0.6666666667,0.8,0.75,0.3333333333,0.4,0.375,0.4,0.1666666667,0.3333333333,0.3333333333,0,0,0.2307692308,0.04545454545,0.04545454545,0.06818181818,0.06818181818,0.2045454545,0.1363636364,0.09090909091,0.1363636364,0.1136363636,0.09090909091,0.1071428571,0.119047619,0.09523809524,0.119047619,0.07142857143,0.1071428571,0.1071428571,0.07142857143,0.04761904762,0.1547619048,28,9,7,43,17,24,11,7,10,9,3,4,17,37,24,61,13,8,12,11,10,21,53,44,84,2,2,3,3,8,4,4,4,4,3,3,4,3,4,1,3,3,0,0,3,2,2,3,3,9,6,4,6,5,4,9,10,8,10,6,9,9,6,4,13
,,0.4724409449,0.474316272,0.4587965368,0.6226415094,0.1320754717,0.2452830189,0.7547169811,0.5135135135,0.2162162162,0.2702702703,0.4864864865,0.7142857143,0.6470588235,0.7272727273,1,0.4545454545,0.2,0.25,0.1102362205,0.1338582677,0.08661417323,0.08661417323,0.08661417323,0.1181102362,0.3779527559,0.4173228346,0.5826771654,0.3913043478,0.5428571429,0.6857142857,0.2903225806,0.5789473684,0.3488372093,0.2564102564,0.2105263158,0.3636363636,0.5641025641,0.5689655172,0.4879518072,0.3641975309,0.75,0.7142857143,0.9,0.6,0.8,0.6,0.6666666667,1,0.5,0.8333333333,0.2,0.4285714286,0.4,0.1428571429,0.3333333333,0.2727272727,0.1818181818,0,0.3333333333,0.4444444444,0.1509433962,0.1320754717,0.1886792453,0.09433962264,0.09433962264,0.09433962264,0.05660377358,0.03773584906,0.03773584906,0.1132075472,0.1351351351,0.09459459459,0.06756756757,0.09459459459,0.04054054054,0.1486486486,0.1486486486,0.06756756757,0.08108108108,0.1216216216,33,7,13,38,16,20,10,11,8,11,5,3,12,40,20,60,14,17,11,11,11,15,48,53,74,6,5,9,3,4,3,2,2,1,5,2,3,2,1,1,3,2,0,2,4,8,7,10,5,5,5,3,2,2,6,10,7,5,7,3,11,11,5,6,9
,,0.4495412844,0.4685496516,0.4509786325,0.5,0.175,0.325,0.675,0.4057971014,0.2753623188,0.3188405797,0.5942028986,0.5625,0.7142857143,0.9,0.5714285714,0.2857142857,0.2857142857,0.3414634146,0.1467889908,0.06422018349,0.09174311927,0.06422018349,0.128440367,0.128440367,0.376146789,0.3669724771,0.6330275229,0.5588235294,0.303030303,0.4333333333,0.6530612245,0.3636363636,0.4,0.3829787234,0.3571428571,0,0.3181818182,0.3409090909,0.4880952381,0.3193277311,1,0.6666666667,0.5555555556,0.8,0.5,1,0.6,1,0,1,0.375,0.2222222222,0.25,0.6153846154,0.3333333333,0.3333333333,0.2222222222,0.25,0,0.1666666667,0.125,0.075,0.225,0.125,0.05,0.025,0.25,0.025,0.05,0.05,0.115942029,0.1304347826,0.05797101449,0.1884057971,0.08695652174,0.08695652174,0.1304347826,0.05797101449,0.05797101449,0.08695652174,20,7,13,28,19,22,9,5,9,4,4,4,14,27,22,49,16,7,10,7,14,14,41,40,69,5,2,5,4,1,1,6,1,0,2,3,2,1,8,2,2,2,1,0,1,5,3,9,5,2,1,10,1,2,2,8,9,4,13,6,6,9,4,4,6
,,0.4018691589,0.3877046784,0.3799393939,0.3181818182,0.2954545455,0.3863636364,0.6136363636,0.380952381,0.3650793651,0.253968254,0.619047619,0.6,0.5,0.75,0.5555555556,0.2631578947,0.3333333333,0.21875,0.1401869159,0.07476635514,0.1121495327,0.08411214953,0.1775700935,0.1121495327,0.2990654206,0.4112149533,0.5887850467,0.1538461538,0,0.06896551724,0.2777777778,0.7037037037,0.5384615385,0.5,0.4634146341,0.512195122,0.3103448276,0.5,0.2459016393,0.464516129,0.5,0,0.25,0.3333333333,0.8333333333,0.5714285714,1,0.7142857143,0.75,0.75,0,0,0,0.25,0.6,0.5,0.25,0.3333333333,0.4545454545,0.1428571429,0.09090909091,0.04545454545,0.09090909091,0.06818181818,0.1363636364,0.1590909091,0.06818181818,0.1590909091,0.09090909091,0.09090909091,0.09523809524,0.09523809524,0.1111111111,0.06349206349,0.07936507937,0.06349206349,0.06349206349,0.1428571429,0.1746031746,0.1111111111,14,13,17,24,23,16,9,4,9,5,5,4,7,27,16,43,15,8,12,9,19,12,32,44,63,2,0,1,1,5,4,3,5,3,3,0,0,0,1,3,2,1,3,5,1,4,2,4,3,6,7,3,7,4,4,6,6,7,4,5,4,4,9,11,7
,,0.419047619,0.4119949495,0.3965238095,0.4047619048,0.2619047619,0.3333333333,0.6666666667,0.5555555556,0.1904761905,0.253968254,0.4444444444,0.5,0.625,0.7333333333,0.7777777778,0.1,0.1111111111,0.3181818182,0.09523809524,0.07619047619,0.1428571429,0.08571428571,0.09523809524,0.08571428571,0.419047619,0.4,0.6,0.2,0.7272727273,0.3181818182,0.4285714286,0.4117647059,0.5161290323,0.46875,0.2727272727,0.2413793103,0.3695652174,0.3875,0.3805309735,0.38125,0.2,1,0.4,1,0.8,1,0.8571428571,0,0.5,0.8,0.2,0,0.25,0.2,0.25,0.4444444444,0.1666666667,0.3333333333,0.1428571429,0.25,0.119047619,0.09523809524,0.119047619,0.07142857143,0.119047619,0.04761904762,0.1666666667,0.04761904762,0.09523809524,0.119047619,0.07936507937,0.01587301587,0.06349206349,0.07936507937,0.126984127,0.1428571429,0.09523809524,0.09523809524,0.1111111111,0.1904761905,17,11,14,35,12,16,5,5,11,7,1,1,14,28,16,44,10,8,15,9,10,9,44,42,63,1,4,2,3,4,2,6,0,2,4,1,0,1,1,2,4,1,2,1,3,5,4,5,3,5,2,7,2,4,5,5,1,4,5,8,9,6,6,7,12
,,0.4563106796,0.4536405261,0.4722380952,0.3777777778,0.1333333333,0.4888888889,0.5111111111,0.3448275862,0.2413793103,0.4137931034,0.6551724138,0.4,0.6666666667,0.5714285714,0.375,0.5384615385,0.1666666667,0.4545454545,0.145631068,0.145631068,0.06796116505,0.07766990291,0.1262135922,0.1165048544,0.3203883495,0.4368932039,0.5631067961,0.3823529412,0.4090909091,0.5,0.7,0.3928571429,0.4375,0.4615384615,0.4571428571,0.3823529412,0.5142857143,0.4603174603,0.4406779661,0.4520547945,0.4,0,1,1,0.5,1,0.4285714286,0.5,0.4,0.4285714286,0.375,0.5,0.3333333333,0.5,0.25,0.25,0.5,0.4444444444,0.375,0.5714285714,0.1111111111,0.04444444444,0.06666666667,0.04444444444,0.1777777778,0.04444444444,0.1555555556,0.08888888889,0.1111111111,0.1555555556,0.1379310345,0.1034482759,0.1034482759,0.03448275862,0.06896551724,0.06896551724,0.06896551724,0.1551724138,0.1379310345,0.1206896552,17,6,22,20,14,24,6,10,4,3,7,2,15,23,24,47,15,15,7,8,13,12,33,45,58,2,0,3,2,4,2,3,2,2,3,3,3,2,1,1,1,2,4,3,4,5,2,3,2,8,2,7,4,5,7,8,6,6,2,4,4,4,9,8,7
,,0.4,0.3786796537,0.3691975309,0.488372093,0.2093023256,0.3023255814,0.6976744186,0.6730769231,0.1730769231,0.1538461538,0.3269230769,0.7777777778,0.6363636364,0.6428571429,0.7777777778,0.1111111111,0.09090909091,0.1875,0.09473684211,0.1157894737,0.1473684211,0.09473684211,0.09473684211,0.1157894737,0.3368421053,0.4526315789,0.5473684211,0.3111111111,0.4545454545,0.4,0.4,0.5925925926,0.2,0.3888888889,0,0.4117647059,0.2941176471,0.4772727273,0.4186046512,0.2654867257,0.4444444444,1,,1,0.8333333333,0.5,0.6666666667,0,0.875,1,0.2222222222,0,0.4,0,0.4,0,0.25,0,0,0.2,0.2093023256,0.1162790698,0,0.09302325581,0.1395348837,0.09302325581,0.06976744186,0.06976744186,0.1860465116,0.02325581395,0.1730769231,0.07692307692,0.09615384615,0.07692307692,0.09615384615,0.07692307692,0.07692307692,0.1153846154,0.1153846154,0.09615384615,21,9,13,35,9,8,7,7,9,7,1,1,6,30,8,38,9,11,14,9,9,11,32,43,52,4,5,0,4,5,2,2,0,7,1,2,0,2,0,2,0,1,0,0,1,9,5,0,4,6,4,3,3,8,1,9,4,5,4,5,4,4,6,6,5
,,0.5052631579,0.5096747967,0.4797727273,0.45,0.2,0.35,0.65,0.4,0.2,0.4,0.6,0.9,0.5833333333,0.4,0.75,0.4285714286,0.5714285714,0.3658536585,0.1052631579,0.1263157895,0.1052631579,0.08421052632,0.07368421053,0.07368421053,0.4315789474,0.4210526316,0.5789473684,0.5384615385,0.4358974359,0.3333333333,0.1739130435,0.5909090909,0.65625,0.6842105263,0.4736842105,0.125,0.6428571429,0.62,0.4198473282,0.5526315789,1,0.3333333333,0.6666666667,0.5,1,0.75,1,0.6,0.2,0.75,0.5,0.4545454545,0.2,0,0.25,0.625,0.6,0.3333333333,0,0.5,0.025,0.075,0.075,0.1,0.125,0.1,0.05,0.125,0.125,0.2,0.1454545455,0.2,0.09090909091,0.09090909091,0.07272727273,0.1454545455,0.09090909091,0.05454545455,0.03636363636,0.07272727273,18,8,14,22,11,22,9,7,4,6,3,4,15,26,22,48,10,12,10,8,7,7,41,40,55,1,1,2,2,5,3,2,3,1,6,4,5,1,0,1,5,3,1,0,2,1,3,3,4,5,4,2,5,5,8,8,11,5,5,4,8,5,3,2,4
,,0.5301204819,0.4983112765,0.5244761905,0.3333333333,0.4444444444,0.2222222222,0.7777777778,0.4680851064,0.1914893617,0.3404255319,0.5319148936,0.7777777778,0.75,0.9230769231,0.5,0.625,0.375,0.2580645161,0.1084337349,0.09638554217,0.156626506,0.07228915663,0.09638554217,0.09638554217,0.3734939759,0.4337349398,0.5662650602,0.2058823529,0.4137931034,0.380952381,0.7142857143,0.4285714286,0.6875,0.375,0.4,0.8947368421,0.5714285714,0.5238095238,0.4033613445,0.5957446809,1,0.75,0.3333333333,1,0.75,0.8,0.6,1,0.8,1,0.1,0.2857142857,0.4,0.6,0,0.5,0,0,1,0.5,0.05555555556,0.1111111111,0.08333333333,0.08333333333,0.1111111111,0.1388888889,0.1388888889,0.08333333333,0.1388888889,0.05555555556,0.2127659574,0.1489361702,0.1063829787,0.1063829787,0.04255319149,0.04255319149,0.04255319149,0.06382978723,0.06382978723,0.170212766,12,16,8,22,9,16,7,6,12,3,5,3,8,28,16,44,9,8,13,6,8,8,31,36,47,2,3,1,3,3,4,3,3,4,2,1,2,2,3,0,1,0,0,3,4,2,4,3,3,4,5,5,3,5,2,10,7,5,5,2,2,2,3,3,8
,,0.5,0.5113636364,0.5677854738,0.4347826087,0.2608695652,0.3043478261,0.6956521739,0.3389830508,0.2372881356,0.4237288136,0.6610169492,0.75,0.7777777778,0.6666666667,0.3333333333,0.3333333333,0.3636363636,0.4722222222,0.09756097561,0.1097560976,0.03658536585,0.03658536585,0.1463414634,0.1341463415,0.4390243902,0.2804878049,0.7195121951,0.3636363636,0.7692307692,0.7333333333,0.1428571429,0.5714285714,0.3714285714,0.1851851852,0.76,0.5909090909,0.4,0.52,0.5151515152,0.4516129032,0.8,1,0.3333333333,1,1,0.5,0.3333333333,1,1,,0,0.6666666667,1,0,0.5454545455,0.3333333333,0.1428571429,0.7142857143,0.5,0.4,0.2173913043,0.08695652174,0.1304347826,0.04347826087,0.04347826087,0.1739130435,0.1304347826,0.08695652174,0.08695652174,0,0.06779661017,0.05084745763,0.05084745763,0.06779661017,0.186440678,0.1525423729,0.1186440678,0.1186440678,0.1016949153,0.08474576271,10,6,7,20,14,25,6,7,2,1,4,4,17,16,25,41,8,9,3,3,12,11,36,23,59,4,2,1,1,1,2,1,2,2,0,0,2,3,0,6,3,1,5,3,2,5,2,3,1,1,4,3,2,2,0,4,3,3,4,11,9,7,7,6,5
,,0.4683544304,0.4552281052,0.4127001764,0.4838709677,0.1935483871,0.3225806452,0.6774193548,0.4166666667,0.25,0.3333333333,0.5833333333,0.3333333333,0.6363636364,0.7272727273,0.8333333333,0.1428571429,0.3076923077,0.3928571429,0.03797468354,0.1392405063,0.1392405063,0.07594936709,0.08860759494,0.164556962,0.3544303797,0.3924050633,0.6075949367,0,0.6,0.2222222222,0.5151515152,0.625,0.4814814815,0.44,0.619047619,0.2777777778,0,0.4545454545,0.4528301887,0.42,0,0.75,0.6666666667,0.7777777778,1,0.6666666667,0.5,0.6666666667,0.3333333333,,0,0.5,0,0.2,0.5,0.4285714286,0.4285714286,0.6,0.25,0,0.03225806452,0.1290322581,0.09677419355,0.2903225806,0.09677419355,0.09677419355,0.06451612903,0.09677419355,0.09677419355,0,0.0625,0.08333333333,0.08333333333,0.1041666667,0.125,0.1458333333,0.1458333333,0.1041666667,0.08333333333,0.0625,15,6,10,20,12,16,1,7,8,5,1,4,11,21,16,37,3,11,11,6,7,13,28,31,48,0,3,2,7,3,2,1,2,1,0,0,2,0,1,3,3,3,3,1,0,1,4,3,9,3,3,2,3,3,0,3,4,4,5,6,7,7,5,4,3
,,0.3947368421,0.3945634921,0.4015,0.5,0.15625,0.34375,0.65625,0.5909090909,0.2045454545,0.2045454545,0.4090909091,0.875,0.6666666667,0.4444444444,0.6666666667,0.1428571429,0.4,0.1875,0.1052631579,0.07894736842,0.1184210526,0.1184210526,0.09210526316,0.06578947368,0.4210526316,0.4210526316,0.5789473684,0.7857142857,0.6842105263,0.2352941176,0.2272727273,0.1,0.40625,0.3076923077,0,0.6086956522,0.15,0.125,0.3804347826,0.3269230769,1,0.625,0.5,0.5,1,0.5,1,0,1,0,0.5,1,0,0.1666666667,0,0.375,0,0,0.4,0.1666666667,0.125,0.25,0.125,0.0625,0.03125,0.125,0.0625,0.0625,0.125,0.03125,0.04545454545,0.02272727273,0.06818181818,0.1363636364,0.1363636364,0.1818181818,0.06818181818,0.09090909091,0.1136363636,0.1363636364,16,5,11,26,9,9,7,4,4,6,1,2,6,21,9,30,8,6,9,9,7,5,32,32,44,4,5,2,1,1,2,2,0,4,0,1,1,0,1,0,3,0,0,2,1,4,8,4,2,1,4,2,2,4,1,2,1,3,6,6,8,3,4,5,6
,,0.4,0.3838286713,0.3719047619,0.3103448276,0.3793103448,0.3103448276,0.6896551724,0.6097560976,0.1951219512,0.1951219512,0.3902439024,0.75,0.5,0.75,0.6363636364,0,0.125,0.2692307692,0.1142857143,0.02857142857,0.1142857143,0.1571428571,0.1,0.1142857143,0.3714285714,0.4142857143,0.5857142857,0.4375,0.4615384615,0.7142857143,0.4,0.3529411765,0.3043478261,0.3571428571,0.25,0,0.2916666667,0.3170731707,0.4623655914,0.2386363636,1,0.75,0.7142857143,1,0,0.5,1,1,0,0.6666666667,0.25,0.3333333333,,0,0.4,0.2,0.25,0,0,0.1666666667,0.06896551724,0.1379310345,0.2413793103,0.1379310345,0.03448275862,0.1379310345,0.03448275862,0.03448275862,0.06896551724,0.1034482759,0.09756097561,0.1463414634,0,0.09756097561,0.1219512195,0.1219512195,0.09756097561,0.0487804878,0.1219512195,0.1463414634,9,11,9,25,8,8,6,1,6,7,0,1,7,20,8,28,8,2,8,11,7,8,26,29,41,2,3,5,4,0,2,1,1,0,2,1,2,0,0,2,1,1,0,0,1,2,4,7,4,1,4,1,1,2,3,4,6,0,4,5,5,4,2,5,6
,,0.4333333333,0.4556060606,0.489047619,0.45,0.2,0.35,0.65,0.425,0.25,0.325,0.575,0.6666666667,0.5,0.8,0.6666666667,0.25,0.4,0.3181818182,0.05,0.1,0.08333333333,0.1,0.1333333333,0.1666666667,0.3666666667,0.3333333333,0.6666666667,0.4166666667,0.1428571429,0.3076923077,0.55,0.75,0.4285714286,0.5217391304,0.5294117647,0.3333333333,0,0.375,0.4102564103,0.4024390244,0.3333333333,,1,1,1,1,0,0.75,,,0.5,0.1428571429,0,0.5,0.5,0.2,0.8,0.3333333333,0.3333333333,0,0.15,0,0.1,0.05,0.15,0.15,0.2,0.2,0,0,0.05,0.175,0.075,0.15,0.05,0.125,0.125,0.075,0.075,0.1,9,4,7,17,10,13,2,3,4,4,2,4,7,13,13,26,3,6,5,6,8,10,22,20,40,1,0,2,1,3,3,0,3,0,0,1,1,0,3,1,1,4,1,1,0,3,0,2,1,3,3,4,4,0,0,2,7,3,6,2,5,5,3,3,4
,,0.4363636364,0.3631746032,0.415,0.3214285714,0.2857142857,0.3928571429,0.6071428571,0.5555555556,0.1851851852,0.2592592593,0.4444444444,0.2,0.4,0.8888888889,0.6666666667,0,0.3333333333,0.2857142857,0.09090909091,0.09090909091,0.1636363636,0.1636363636,0.05454545455,0.05454545455,0.3818181818,0.5090909091,0.4909090909,0.7692307692,0.2222222222,0.45,0.1666666667,0.3,0.4444444444,0.1818181818,0.6153846154,0.625,0.4285714286,0.375,0.3658536585,0.4545454545,1,0.5,0.75,0.3333333333,0,0.6666666667,1,0.5,1,0.75,0.6666666667,0,0.25,0,0.5,0,0,0.6666666667,0.5,0,0.07142857143,0.2142857143,0.1428571429,0.1071428571,0.07142857143,0.1071428571,0.03571428571,0.07142857143,0.03571428571,0.1428571429,0.1111111111,0.1851851852,0.1481481481,0.07407407407,0.07407407407,0.03703703704,0.1111111111,0.1111111111,0.07407407407,0.07407407407,9,8,11,15,5,7,1,2,8,6,0,1,6,17,7,24,5,5,9,9,3,3,21,28,27,2,3,3,1,0,2,1,1,1,3,2,0,1,0,1,0,0,2,1,0,2,6,4,3,2,3,1,2,1,4,3,5,4,2,2,1,3,3,2,2
,,0.3529411765,0.4356321839,0.3955714286,0.375,0.375,0.25,0.75,0.4285714286,0.4,0.1714285714,0.5714285714,0.6666666667,1,0.5,1,0,0.5,0.1724137931,0.05882352941,0.05882352941,0.1176470588,0.07843137255,0.07843137255,0.03921568627,0.568627451,0.3137254902,0.6862745098,0.4,0.3076923077,0.7857142857,0.1176470588,0,0.2,0.3076923077,0.7,0.1538461538,0.2631578947,0.1851851852,0.3333333333,0.2875,1,1,1,1,0,0.5,1,1,0.5,0.5,0,0,0.75,0,0,0.1428571429,0,0.5,0,0.2,0.0625,0.125,0.0625,0.0625,0.0625,0.125,0.125,0.125,0.125,0.125,0.02857142857,0.08571428571,0.1142857143,0.1428571429,0.05714285714,0.2,0.08571428571,0.05714285714,0.08571428571,0.1428571429,6,6,4,15,14,6,2,3,3,4,0,1,5,12,6,18,3,3,6,4,4,2,29,16,35,1,2,1,1,0,1,2,2,1,1,0,0,3,0,0,1,0,1,0,1,1,2,1,1,1,2,2,2,2,2,1,3,4,5,2,7,3,2,3,5
,,0.4166666667,0.4647619048,0.4973333333,0.4375,0.1875,0.375,0.625,0.5,0.1875,0.3125,0.5,0.5,0.6,0.5,0.7142857143,1,0.1666666667,0.2916666667,0.04166666667,0.1041666667,0.04166666667,0.1458333333,0.04166666667,0.125,0.5,0.3333333333,0.6666666667,0.6,0,0.4705882353,0.8888888889,0.7777777778,0,0.1428571429,0.2777777778,0.3846153846,0.3076923077,0.5,0.5862068966,0.2285714286,0,,1,0.6666666667,0.6666666667,,1,0.3333333333,0.5,1,1,0,0.4,1,1,0,0,0.25,0.3333333333,0,0.0625,0,0.0625,0.1875,0.1875,0,0.0625,0.1875,0.125,0.125,0.03125,0.09375,0.15625,0.125,0.03125,0.125,0.125,0.125,0.09375,0.09375,7,3,6,16,6,10,1,3,1,5,2,1,7,10,10,20,2,5,2,7,2,6,24,16,32,0,0,1,2,2,0,1,1,1,2,1,0,2,4,1,0,0,1,1,0,1,0,1,3,3,0,1,3,2,2,1,3,5,4,1,4,4,4,3,3
,,0.4255319149,0.4015656566,0.4284444444,0.3076923077,0.2307692308,0.4615384615,0.5384615385,0.2857142857,0.4285714286,0.2857142857,0.7142857143,0.4444444444,0.8333333333,0.2,0.6666666667,0.1666666667,0.25,0.3636363636,0.1914893617,0.1276595745,0.1063829787,0.1276595745,0.1276595745,0.08510638298,0.2340425532,0.5531914894,0.4468085106,0.4736842105,0.5,0.4545454545,0.25,0.6666666667,0.7777777778,0.6666666667,0,0.5555555556,0,0.3,0.4347826087,0.347826087,0.6,0.5,1,0.25,1,0.6666666667,0.6666666667,0,0.3333333333,0,0.3333333333,0.5,0.3333333333,0.25,0,1,,0,1,0,0.1923076923,0.07692307692,0.03846153846,0.1538461538,0.1153846154,0.1153846154,0.1153846154,0.03846153846,0.1153846154,0.03846153846,0.1428571429,0.09523809524,0.1428571429,0.1904761905,0.04761904762,0.04761904762,0,0.1428571429,0.04761904762,0.1428571429,8,6,12,6,9,6,4,5,1,4,1,1,4,14,6,20,9,6,5,6,6,4,11,26,21,3,1,1,1,3,2,2,0,1,0,1,1,1,1,0,1,0,0,1,0,5,2,1,4,3,3,3,1,3,1,3,2,3,4,1,1,0,3,1,3
,,0.4146341463,0.3825,0.3705555556,0.4,0.2,0.4,0.6,0.4761904762,0.2857142857,0.2380952381,0.5238095238,0.625,0.5,0.75,0.5,0.25,0.2,0.25,0.1951219512,0.09756097561,0.09756097561,0.09756097561,0.09756097561,0.1219512195,0.2926829268,0.487804878,0.512195122,0.6153846154,0.4,0.5454545455,0.3125,0,0.4444444444,0.6666666667,0,0.4,0.3076923077,0.2,0.4038461538,0.3529411765,0.5,1,0.75,0.5,0,0.6666666667,0.3333333333,,1,1,0.6666666667,0,0,0.25,0,0,1,0,0,0,0.1,0.05,0.2,0.1,0.1,0.15,0.15,0,0.05,0.1,0.1428571429,0.04761904762,0.04761904762,0.1904761905,0.04761904762,0.04761904762,0.09523809524,0.1904761905,0.04761904762,0.1428571429,8,4,8,10,6,5,5,2,3,2,1,1,3,12,5,17,8,4,4,4,4,5,12,20,21,1,1,3,1,0,2,1,0,1,2,2,0,0,1,0,0,2,0,0,0,2,1,4,2,2,3,3,0,1,2,3,1,1,4,1,1,2,4,1,3
,,0.4146341463,0.4113247863,0.4383333333,0.5294117647,0.2352941176,0.2352941176,0.7647058824,0.5,0.3333333333,0.1666666667,0.5,0.6666666667,0.75,0.6666666667,1,0.5,0.2222222222,0.07692307692,0.1463414634,0.09756097561,0.07317073171,0.09756097561,0.0487804878,0.2195121951,0.3170731707,0.4146341463,0.5853658537,0.4705882353,0.2,0.1666666667,0.3076923077,1,0.2,0.75,0,1,0.5,0.7272727273,0.3684210526,0.3469387755,1,0.5,0.3333333333,1,1,,1,0,1,,0,0,0,0,1,0.2,0.5,0,,0.5,0.2352941176,0.1176470588,0.1764705882,0.1176470588,0.05882352941,0,0.1764705882,0.05882352941,0.05882352941,0,0.125,0.08333333333,0.08333333333,0.125,0.04166666667,0.2083333333,0.08333333333,0.1666666667,0,0.08333333333,9,4,4,12,8,4,4,3,2,4,1,2,1,13,4,17,6,4,3,4,2,9,13,17,24,4,1,1,2,1,0,3,0,1,0,0,0,0,0,1,1,1,0,0,1,4,2,3,2,1,0,3,1,1,0,3,2,2,3,1,5,2,4,0,2
,,0.475,0.4794444444,0.4285714286,0.6,0.2,0.2,0.8,0.48,0.24,0.28,0.52,1,1,0.5,0.6,0.25,0.3333333333,0.2777777778,0.125,0.075,0.05,0.125,0.1,0.075,0.45,0.375,0.625,0,0.4285714286,0.625,0.7692307692,1,0.4,0.4,0,0.5,0.4,0.5714285714,0.5185185185,0.3333333333,0,,1,1,1,1,1,0,0.5,1,0,0.4285714286,0.5,0.6666666667,,0,0,0,0.5,0,0.06666666667,0,0.06666666667,0.1333333333,0.1333333333,0.2,0.06666666667,0.06666666667,0.1333333333,0.1333333333,0.08,0.28,0.08,0.12,0,0.12,0.04,0.12,0.08,0.08,9,3,3,12,6,7,5,3,1,3,1,1,5,12,7,19,5,3,2,5,4,3,18,15,25,0,0,1,2,2,3,1,0,1,2,0,3,1,2,0,0,0,0,1,0,1,0,1,2,2,3,1,1,2,2,2,7,2,3,0,3,1,3,2,2
,,0.3846153846,0.4040350877,0.4479047619,0.4615384615,0.1538461538,0.3846153846,0.6153846154,0.6538461538,0.07692307692,0.2692307692,0.3461538462,0.5,1,0.4,0.6666666667,0,0,0.3684210526,0.05128205128,0.07692307692,0.1282051282,0.07692307692,0.1282051282,0.05128205128,0.4871794872,0.3333333333,0.6666666667,0,0.1818181818,0.1538461538,0,0.6,1,0.2222222222,1,0.4,0.6,0.6,0.2388059701,0.5675675676,0,1,0.5,,0.75,1,0.3333333333,,1,,0,0,0,0,0.5,1,0,1,0,0.6,0.07692307692,0.07692307692,0.1538461538,0,0.3076923077,0.07692307692,0.2307692308,0,0.07692307692,0,0.2307692308,0.1153846154,0.1153846154,0.03846153846,0.1538461538,0.03846153846,0.03846153846,0.03846153846,0.03846153846,0.1923076923,6,2,5,17,2,7,1,3,2,2,0,0,7,8,7,15,2,3,5,3,5,2,19,13,26,0,1,1,0,3,1,1,0,1,0,0,0,0,0,2,1,0,1,0,3,1,1,2,0,4,1,3,0,1,0,6,3,3,1,4,1,1,1,1,5
,,0.4473684211,0.4523809524,0.4452380952,0.3636363636,0.1818181818,0.4545454545,0.5454545455,0.4444444444,0.1481481481,0.4074074074,0.5555555556,0.5,0.6666666667,0.5,,0.5,0.5714285714,0.3333333333,0.05263157895,0.07894736842,0.1578947368,0,0.05263157895,0.1842105263,0.4736842105,0.2894736842,0.7105263158,0.5714285714,0.4444444444,0.6153846154,0.3846153846,0.625,0,0,0.3913043478,1,0.5,0.5714285714,0.5263157895,0.3260869565,1,0.6666666667,0.5,0.5,1,0,,0,,,0.5,0,0.6666666667,0.3333333333,0.5,0,0,0.4285714286,1,0.5,0.09090909091,0.2727272727,0.1818181818,0.1818181818,0.09090909091,0.09090909091,0,0.09090909091,0,0,0.1481481481,0.03703703704,0.1111111111,0.1111111111,0.07407407407,0.07407407407,0.07407407407,0.2592592593,0.03703703704,0.07407407407,4,2,5,12,4,11,1,2,3,0,1,4,6,6,11,17,2,3,6,0,2,7,18,11,27,1,2,1,1,1,0,0,0,0,0,2,0,2,1,1,0,0,3,1,1,1,3,2,2,1,1,0,1,0,0,4,1,3,3,2,2,2,7,1,2
,,0.5263157895,0.5478431373,0.529,0.5384615385,0.3076923077,0.1538461538,0.8461538462,0.48,0.16,0.36,0.52,0.8333333333,1,1,0.5,0.4,0.3333333333,0.3529411765,0.1578947368,0.07894736842,0.05263157895,0.05263157895,0.1315789474,0.07894736842,0.4473684211,0.3421052632,0.6578947368,0.3846153846,0.2,0,0.25,1,0.4,0.5,0.7692307692,0.5,0.7,0.8235294118,0.3777777778,0.5714285714,0.5,0.5,,,1,,,1,,1,0.3333333333,0,0,0.25,1,0.4,0.5,0,0.5,0.5,0.1538461538,0.1538461538,0,0,0.1538461538,0,0,0.3846153846,0,0.1538461538,0.12,0.08,0.04,0.16,0.04,0.2,0.16,0.04,0.08,0.08,7,4,2,12,4,9,5,3,2,1,2,1,6,11,9,20,6,3,2,2,5,3,17,13,25,1,1,0,0,2,0,0,5,0,2,1,0,0,1,1,2,2,0,1,1,2,2,0,0,2,0,0,5,0,2,3,2,1,4,1,5,4,1,2,2
,,0.5483870968,0.5027777778,0.6023809524,0.7142857143,0.2142857143,0.07142857143,0.9285714286,0.4705882353,0.2941176471,0.2352941176,0.5294117647,0.8333333333,1,1,1,0.25,0.5,0.1111111111,0.1935483871,0.1290322581,0.06451612903,0.06451612903,0.1290322581,0.1290322581,0.2903225806,0.4516129032,0.5483870968,1,0.4,1,0.1818181818,0.3571428571,0,1,0.6666666667,0.3333333333,1,0.5,0.4375,0.5483870968,,1,1,1,1,,1,0.6666666667,,1,1,0,1,0,0.25,0,,,0.3333333333,,0,0.2142857143,0.07142857143,0.07142857143,0.07142857143,0,0.2142857143,0.2142857143,0,0.1428571429,0.05882352941,0.1764705882,0.05882352941,0.1764705882,0.2352941176,0.1176470588,0,0,0.1764705882,0,10,3,1,8,5,4,5,4,2,2,1,2,1,13,4,17,6,4,2,2,4,4,9,14,17,0,3,1,1,1,0,3,2,0,2,1,0,1,0,1,0,0,0,1,0,0,3,1,1,1,0,3,3,0,2,1,3,1,3,4,2,0,0,3,0
,,0.4,0.4142857143,0.3955555556,0.375,0.125,0.5,0.5,0.5,0.1363636364,0.3636363636,0.5,0.5,0.5,0.5,0.5,0.5,0.5,0.2857142857,0.06666666667,0.06666666667,0.06666666667,0.06666666667,0.1333333333,0.1333333333,0.4666666667,0.2666666667,0.7333333333,0.6666666667,0,0.3157894737,0.6666666667,0.25,,0.5,0,0.625,0,0.1538461538,0.4210526316,0.32,0.6666666667,,0,,1,,,,1,0,0.6666666667,0,0.4,0.6666666667,0,,0.5,0,0.5,0,0.375,0,0.25,0,0.125,0,0,0,0.125,0.125,0.1363636364,0.09090909091,0.2272727273,0.1363636364,0.09090909091,0,0.09090909091,0.09090909091,0.09090909091,0.04545454545,3,1,4,11,3,8,1,1,1,1,2,2,4,4,8,12,2,2,2,2,4,4,14,8,22,2,0,0,0,1,0,0,0,1,0,2,0,2,2,0,0,1,0,1,0,3,0,2,0,1,0,0,0,1,1,3,2,5,3,2,0,2,2,2,1
,,0.5333333333,0.5199430199,0.52,0,0.5,0.5,0.5,0.3636363636,0.09090909091,0.5454545455,0.6363636364,0.5,0.5,0.5,,0.6666666667,0.6666666667,0.4615384615,0.06666666667,0.06666666667,0.1333333333,0,0.1,0.2,0.4333333333,0.2666666667,0.7333333333,0.6,0.4166666667,0.4,,0.4545454545,0.8,0.5,1,0,0.3333333333,0.4,0.4545454545,0.5918367347,0,0.3333333333,1,,1,,,1,0,,1,0.5,0,,0.3333333333,0.8,0.5,1,0,0.3333333333,0.125,0.375,0.125,0,0.125,0,0,0.125,0.125,0,0.04545454545,0.09090909091,0.04545454545,0,0.1363636364,0.2272727273,0.09090909091,0.1363636364,0.09090909091,0.1363636364,0,4,4,8,2,12,1,1,2,0,2,4,6,4,12,16,2,2,4,0,3,6,13,8,22,0,1,1,0,1,0,0,1,0,0,1,1,0,0,1,4,1,3,0,1,1,3,1,0,1,0,0,1,1,0,1,2,1,0,3,5,2,3,2,3
