角色理論,報表,0.463199735,0.4625568886,0.4625689842,0.4593435593,0.2347022926,0.3059541481,0.6940458519,0.4580380868,0.233724535,0.3082373782,0.5419619132,0.6943346509,0.6931216931,0.6961107449,0.6926121372,0.3108465608,0.3056300268,0.3082282681,0.1005631004,0.1001656178,0.1004968533,0.1004306062,0.1001656178,0.09884067572,0.399337529,0.4016561775,0.5983438225,0.4235384223,0.4032049625,0.3923954373,0.4280245023,0.4765826042,0.4282057845,0.3966041561,0.4287541571,0.4364374524,0.4613453815,0.4688691233,0.4246736627,0.4303347387,0.6912,0.6605960265,0.6490384615,0.6911764706,0.7460063898,0.7039586919,0.6643478261,0.6947194719,0.6954474097,0.7452006981,0.298087739,0.2863585118,0.2736373749,0.3084632517,0.3485193622,0.3114754098,0.2864806867,0.3092324805,0.3127109111,0.3467230444,0.1030842817,0.09962064984,0.1029193469,0.1009401286,0.1032492166,0.09582714828,0.09483753917,0.09995051954,0.1050634999,0.09450766947,0.09842781222,0.09820637733,0.09953498671,0.09942426926,0.09720992028,0.1013064659,0.1031886625,0.09953498671,0.09842781222,0.1047387068,,,,,,,,,,,,,,,,,,,,,,,,,,,,,,,,,,,,,,,,,,,,,,,,,,,,,,,,,,,,,,,,,
player,總場次,勝率,角色理論,位置理論,紅方三紅,紅方梅死,紅方梅活,紅勝,藍方三紅,藍方梅死,藍方梅活,三藍,刺,娜,德,奧,派,梅,忠,刺,娜,德,奧,派,梅,忠,紅角率,藍角率,1勝,2勝,3勝,4勝,5勝,6勝,7勝,8勝,9勝,0勝,雙尾派,1-5勝,6-0勝,1紅勝,2紅勝,3紅勝,4紅勝,5紅勝,6紅勝,7紅勝,8紅勝,9紅勝,0紅勝,1藍勝,2藍勝,3藍勝,4藍勝,5藍勝,6藍勝,7藍勝,8藍勝,9藍勝,0藍勝,1紅,2紅,3紅,4紅,5紅,6紅,7紅,8紅,9紅,0紅,1藍,2藍,3藍,4藍,5藍,6藍,7藍,8藍,9藍,0藍,三紅,三藍死,三藍活,三紅,三藍死,三藍活,刺,娜,德,奧,派,梅,忠,紅勝,藍勝,總勝,刺,娜,德,奧,派,梅,忠,紅場,藍場,1紅勝,2紅勝,3紅勝,4紅勝,5紅勝,6紅勝,7紅勝,8紅勝,9紅勝,0紅勝,1藍勝,2藍勝,3藍勝,4藍勝,5藍勝,6藍勝,7藍勝,8藍勝,9藍勝,0藍勝,1紅,2紅,3紅,4紅,5紅,6紅,7紅,8紅,9紅,0紅,1藍,2藍,3藍,4藍,5藍,6藍,7藍,8藍,9藍,0藍
HAO,901.0,0.532741398446171,0.5477521248946375,0.5466680267421142,0.5389221556886228,0.25748502994011974,0.20359281437125748,0.7964071856287425,0.3844797178130511,0.23809523809523808,0.37742504409171074,0.6155202821869488,0.8333333333333334,0.8,0.7710843373493976,0.775,0.4,0.5813953488372093,0.32917705735660846,0.10654827968923418,0.08324084350721421,0.09211986681465038,0.08879023307436182,0.08879023307436182,0.09544950055493896,0.4450610432852386,0.3706992230854606,0.6293007769145395,0.47413793103448276,0.5577889447236182,0.4491525423728814,0.46124031007751937,0.47639484978540775,0.5517241379310345,0.45416666666666666,0.43010752688172044,0.5910780669144982,0.5318181818181817,0.5033112582781456,0.4810017271157168,0.5094962840627582,0.7586206896551724,0.868421052631579,0.7837837837837838,0.6944444444444444,0.96,0.7142857142857143,0.7435897435897436,0.7692307692307693,0.8918918918918919,0.8076923076923077,0.3793103448275862,0.36585365853658536,0.2962962962962963,0.3709677419354839,0.3442622950819672,0.4897959183673469,0.3148148148148148,0.29850746268656714,0.47692307692307695,0.44642857142857145,0.08682634730538923,0.11377245508982035,0.11077844311377245,0.10778443113772455,0.0748502994011976,0.08383233532934131,0.11676646706586827,0.11676646706586827,0.11077844311377245,0.07784431137724551,0.10229276895943562,0.07231040564373897,0.09523809523809523,0.10934744268077601,0.10758377425044091,0.08641975308641975,0.09523809523809523,0.11816578483245149,0.1146384479717813,0.09876543209876543,180.0,86.0,68.0,218.0,135.0,214.0,80.0,60.0,64.0,62.0,32.0,50.0,132.0,266.0,214.0,480.0,96.0,75.0,83.0,80.0,80.0,86.0,401.0,334.0,567.0,22.0,33.0,29.0,25.0,24.0,20.0,29.0,30.0,33.0,21.0,22.0,15.0,16.0,23.0,21.0,24.0,17.0,20.0,31.0,25.0,29.0,38.0,37.0,36.0,25.0,28.0,39.0,39.0,37.0,26.0,58.0,41.0,54.0,62.0,61.0,49.0,54.0,67.0,65.0,56.0
豬羊,247.0,0.5546558704453441,0.5419292860658615,0.5547777777777779,0.5283018867924528,0.24528301886792453,0.22641509433962265,0.7735849056603774,0.375886524822695,0.23404255319148937,0.3900709219858156,0.624113475177305,0.7407407407407407,0.875,0.7333333333333333,0.7058823529411765,0.45454545454545453,0.4444444444444444,0.36633663366336633,0.10931174089068826,0.12955465587044535,0.1214574898785425,0.06882591093117409,0.08906882591093117,0.0728744939271255,0.4089068825910931,0.4291497975708502,0.5708502024291497,0.5384615384615385,0.4520547945205479,0.4705882352941177,0.5147058823529412,0.5692307692307692,0.5588235294117647,0.5873015873015873,0.5396825396825397,0.47826086956521746,0.49350649350649345,0.5281690140845071,0.5085227272727272,0.5300353356890459,0.75,0.8571428571428571,0.7,0.625,0.8,1.0,0.8888888888888888,0.8888888888888888,0.5714285714285714,1.0,0.4444444444444444,0.2,0.375,0.4166666666666667,0.4666666666666667,0.375,0.4666666666666667,0.4,0.3333333333333333,0.38095238095238093,0.11320754716981132,0.1320754716981132,0.09433962264150944,0.1509433962264151,0.09433962264150944,0.04716981132075472,0.08490566037735849,0.08490566037735849,0.1320754716981132,0.0660377358490566,0.1276595744680851,0.10638297872340426,0.11347517730496454,0.0851063829787234,0.10638297872340426,0.05673758865248227,0.10638297872340426,0.10638297872340426,0.0425531914893617,0.14893617021276595,56.0,26.0,24.0,53.0,33.0,55.0,20.0,28.0,22.0,12.0,10.0,8.0,37.0,82.0,55.0,137.0,27.0,32.0,30.0,17.0,22.0,18.0,101.0,106.0,141.0,9.0,12.0,7.0,10.0,8.0,5.0,8.0,8.0,8.0,7.0,8.0,3.0,6.0,5.0,7.0,3.0,7.0,6.0,2.0,8.0,12.0,14.0,10.0,16.0,10.0,5.0,9.0,9.0,14.0,7.0,18.0,15.0,16.0,12.0,15.0,8.0,15.0,15.0,6.0,21.0
嚇到吃手手,128.0,0.4765625,0.5146164056069716,0.5052350427350427,0.6363636363636364,0.20454545454545456,0.1590909090909091,0.8409090909090909,0.5119047619047619,0.20238095238095238,0.2857142857142857,0.4880952380952381,0.8461538461538461,0.875,0.8333333333333334,0.8181818181818182,0.3,0.19047619047619047,0.32075471698113206,0.1015625,0.0625,0.09375,0.0859375,0.078125,0.1640625,0.4140625,0.34375,0.65625,0.41935483870967744,0.4705882352941177,0.5,0.5,0.5277777777777779,0.4358974358974359,0.4857142857142857,0.26666666666666666,0.36363636363636365,0.3191489361702127,0.40963855421686746,0.48502994011976047,0.3757225433526012,1.0,1.0,1.0,1.0,0.8888888888888888,0.6666666666666666,1.0,0.6666666666666666,0.8,0.75,0.3333333333333333,0.4,0.375,0.4,0.16666666666666666,0.3333333333333333,0.3333333333333333,0.0,0.0,0.23076923076923078,0.045454545454545456,0.045454545454545456,0.06818181818181818,0.06818181818181818,0.20454545454545456,0.13636363636363635,0.09090909090909091,0.13636363636363635,0.11363636363636363,0.09090909090909091,0.10714285714285714,0.11904761904761904,0.09523809523809523,0.11904761904761904,0.07142857142857142,0.10714285714285714,0.10714285714285714,0.07142857142857142,0.047619047619047616,0.15476190476190477,28.0,9.0,7.0,43.0,17.0,24.0,11.0,7.0,10.0,9.0,3.0,4.0,17.0,37.0,24.0,61.0,13.0,8.0,12.0,11.0,10.0,21.0,53.0,44.0,84.0,2.0,2.0,3.0,3.0,8.0,4.0,4.0,4.0,4.0,3.0,3.0,4.0,3.0,4.0,1.0,3.0,3.0,0.0,0.0,3.0,2.0,2.0,3.0,3.0,9.0,6.0,4.0,6.0,5.0,4.0,9.0,10.0,8.0,10.0,6.0,9.0,9.0,6.0,4.0,13.0
ALAN,95.0,0.5052631578947369,0.5096747967479676,0.4797727272727273,0.45,0.2,0.35,0.65,0.4,0.2,0.4,0.6000000000000001,0.9,0.5833333333333334,0.4,0.75,0.42857142857142855,0.5714285714285714,0.36585365853658536,0.10526315789473684,0.12631578947368421,0.10526315789473684,0.08421052631578947,0.07368421052631578,0.07368421052631578,0.43157894736842106,0.42105263157894735,0.5789473684210527,0.5384615384615384,0.4358974358974359,0.3333333333333333,0.1739130434782609,0.5909090909090908,0.65625,0.6842105263157894,0.4736842105263159,0.125,0.642857142857143,0.62,0.4198473282442748,0.5526315789473684,1.0,0.3333333333333333,0.6666666666666666,0.5,1.0,0.75,1.0,0.6,0.2,0.75,0.5,0.45454545454545453,0.2,0.0,0.25,0.625,0.6,0.3333333333333333,0.0,0.5,0.025,0.075,0.075,0.1,0.125,0.1,0.05,0.125,0.125,0.2,0.14545454545454545,0.2,0.09090909090909091,0.09090909090909091,0.07272727272727272,0.14545454545454545,0.09090909090909091,0.05454545454545454,0.03636363636363636,0.07272727272727272,18.0,8.0,14.0,22.0,11.0,22.0,9.0,7.0,4.0,6.0,3.0,4.0,15.0,26.0,22.0,48.0,10.0,12.0,10.0,8.0,7.0,7.0,41.0,40.0,55.0,1.0,1.0,2.0,2.0,5.0,3.0,2.0,3.0,1.0,6.0,4.0,5.0,1.0,0.0,1.0,5.0,3.0,1.0,0.0,2.0,1.0,3.0,3.0,4.0,5.0,4.0,2.0,5.0,5.0,8.0,8.0,11.0,5.0,5.0,4.0,8.0,5.0,3.0,2.0,4.0
DEAN,411.0,0.49148418491484186,0.5012670268710055,0.4971255650438313,0.4394904458598726,0.24203821656050956,0.3184713375796178,0.6815286624203822,0.4094488188976378,0.21653543307086615,0.37401574803149606,0.5905511811023623,0.7027027027027027,0.7407407407407407,0.675,0.6415094339622641,0.3541666666666667,0.3333333333333333,0.391304347826087,0.09002433090024331,0.06569343065693431,0.09732360097323602,0.12895377128953772,0.11678832116788321,0.10948905109489052,0.39172749391727496,0.3819951338199513,0.6180048661800487,0.4528301886792453,0.4090909090909091,0.4444444444444444,0.3888888888888889,0.5631067961165048,0.446969696969697,0.4318181818181818,0.5245901639344263,0.547945205479452,0.4537037037037038,0.5071090047393364,0.45027124773960214,0.47801147227533464,0.5294117647058824,0.5625,0.5555555555555556,0.6,0.7857142857142857,0.6190476190476191,0.5,0.8947368421052632,1.0,0.7777777777777778,0.4166666666666667,0.34615384615384615,0.4,0.3076923076923077,0.48,0.36666666666666664,0.4166666666666667,0.35714285714285715,0.35294117647058826,0.2916666666666667,0.10828025477707007,0.10191082802547771,0.11464968152866242,0.09554140127388536,0.08917197452229299,0.1337579617834395,0.050955414012738856,0.12101910828025478,0.07006369426751592,0.11464968152866242,0.09448818897637795,0.10236220472440945,0.11811023622047244,0.10236220472440945,0.0984251968503937,0.11811023622047244,0.09448818897637795,0.11023622047244094,0.06692913385826772,0.09448818897637795,69.0,38.0,50.0,104.0,55.0,95.0,26.0,20.0,27.0,34.0,17.0,15.0,63.0,107.0,95.0,202.0,37.0,27.0,40.0,53.0,48.0,45.0,161.0,157.0,254.0,9.0,9.0,10.0,9.0,11.0,13.0,4.0,17.0,11.0,14.0,10.0,9.0,12.0,8.0,12.0,11.0,10.0,10.0,6.0,7.0,17.0,16.0,18.0,15.0,14.0,21.0,8.0,19.0,11.0,18.0,24.0,26.0,30.0,26.0,25.0,30.0,24.0,28.0,17.0,24.0
DAL,83.0,0.5301204819277109,0.498311276537083,0.5244761904761905,0.3333333333333333,0.4444444444444444,0.2222222222222222,0.7777777777777777,0.46808510638297873,0.19148936170212766,0.3404255319148936,0.5319148936170213,0.7777777777777778,0.75,0.9230769230769231,0.5,0.625,0.375,0.25806451612903225,0.10843373493975904,0.0963855421686747,0.1566265060240964,0.07228915662650602,0.0963855421686747,0.0963855421686747,0.37349397590361444,0.43373493975903615,0.5662650602409639,0.20588235294117646,0.41379310344827586,0.38095238095238093,0.7142857142857143,0.42857142857142866,0.6875,0.37500000000000006,0.4000000000000001,0.8947368421052632,0.5714285714285715,0.5238095238095238,0.40336134453781525,0.5957446808510639,1.0,0.75,0.3333333333333333,1.0,0.75,0.8,0.6,1.0,0.8,1.0,0.1,0.2857142857142857,0.4,0.6,0.0,0.5,0.0,0.0,1.0,0.5,0.05555555555555555,0.1111111111111111,0.08333333333333333,0.08333333333333333,0.1111111111111111,0.1388888888888889,0.1388888888888889,0.08333333333333333,0.1388888888888889,0.05555555555555555,0.2127659574468085,0.14893617021276595,0.10638297872340426,0.10638297872340426,0.0425531914893617,0.0425531914893617,0.0425531914893617,0.06382978723404255,0.06382978723404255,0.1702127659574468,12.0,16.0,8.0,22.0,9.0,16.0,7.0,6.0,12.0,3.0,5.0,3.0,8.0,28.0,16.0,44.0,9.0,8.0,13.0,6.0,8.0,8.0,31.0,36.0,47.0,2.0,3.0,1.0,3.0,3.0,4.0,3.0,3.0,4.0,2.0,1.0,2.0,2.0,3.0,0.0,1.0,0.0,0.0,3.0,4.0,2.0,4.0,3.0,3.0,4.0,5.0,5.0,3.0,5.0,2.0,10.0,7.0,5.0,5.0,2.0,2.0,2.0,3.0,3.0,8.0
LORI,324.0,0.5030864197530864,0.4905579967763719,0.49466205638187066,0.43356643356643354,0.24475524475524477,0.32167832167832167,0.6783216783216783,0.40331491712707185,0.23204419889502761,0.36464088397790057,0.5966850828729282,0.717948717948718,0.6388888888888888,0.7,0.6578947368421053,0.3225806451612903,0.39285714285714285,0.36885245901639346,0.12037037037037036,0.1111111111111111,0.09259259259259259,0.11728395061728394,0.09567901234567901,0.08641975308641975,0.3765432098765432,0.44135802469135804,0.558641975308642,0.4395604395604395,0.48780487804878053,0.4000000000000001,0.45833333333333337,0.6266666666666667,0.4464285714285714,0.4714285714285715,0.48039215686274517,0.49315068493150693,0.44680851063829796,0.5266272189349113,0.4769585253456222,0.46835443037974683,0.47058823529411764,0.5714285714285714,0.8,0.5833333333333334,0.7222222222222222,0.7142857142857143,0.8571428571428571,0.7333333333333333,0.6,0.8181818181818182,0.42105263157894735,0.4444444444444444,0.2,0.4166666666666667,0.5384615384615384,0.35714285714285715,0.21428571428571427,0.375,0.36363636363636365,0.3333333333333333,0.11888111888111888,0.0979020979020979,0.1048951048951049,0.08391608391608392,0.1258741258741259,0.04895104895104895,0.0979020979020979,0.1048951048951049,0.13986013986013987,0.07692307692307693,0.10497237569060773,0.09944751381215469,0.11049723756906077,0.13259668508287292,0.0718232044198895,0.07734806629834254,0.07734806629834254,0.13259668508287292,0.06077348066298342,0.13259668508287292,62.0,35.0,46.0,73.0,42.0,66.0,28.0,23.0,21.0,25.0,10.0,11.0,45.0,97.0,66.0,163.0,39.0,36.0,30.0,38.0,31.0,28.0,122.0,143.0,181.0,8.0,8.0,12.0,7.0,13.0,5.0,12.0,11.0,12.0,9.0,8.0,8.0,4.0,10.0,7.0,5.0,3.0,9.0,4.0,8.0,17.0,14.0,15.0,12.0,18.0,7.0,14.0,15.0,20.0,11.0,19.0,18.0,20.0,24.0,13.0,14.0,14.0,24.0,11.0,24.0
轆,417.0,0.5035971223021583,0.4845329058882185,0.4925306576914777,0.48044692737430167,0.27932960893854747,0.24022346368715083,0.7597765363128491,0.453781512605042,0.23529411764705882,0.31092436974789917,0.546218487394958,0.851063829787234,0.8,0.7045454545454546,0.6578947368421053,0.08823529411764706,0.3333333333333333,0.3525641025641026,0.11270983213429256,0.11990407673860912,0.10551558752997602,0.09112709832134293,0.0815347721822542,0.11510791366906475,0.37410071942446044,0.4292565947242206,0.5707434052757794,0.5454545454545455,0.45882352941176474,0.4690265486725664,0.4310344827586207,0.4183673469387754,0.5517241379310345,0.3826086956521739,0.5,0.4848484848484849,0.3893805309734513,0.4028436018957346,0.4637964774951077,0.4581105169340463,0.8333333333333334,0.7058823529411765,0.8421052631578947,0.6842105263157895,0.8125,0.6,0.7142857142857143,0.75,0.8095238095238095,0.8125,0.38095238095238093,0.29411764705882354,0.28,0.3076923076923077,0.22727272727272727,0.5263157894736842,0.27586206896551724,0.3181818181818182,0.3333333333333333,0.2222222222222222,0.1005586592178771,0.09497206703910614,0.10614525139664804,0.10614525139664804,0.0893854748603352,0.08379888268156424,0.0782122905027933,0.1340782122905028,0.11731843575418995,0.0893854748603352,0.08823529411764706,0.07142857142857142,0.10504201680672269,0.1092436974789916,0.09243697478991597,0.07983193277310924,0.12184873949579832,0.09243697478991597,0.12605042016806722,0.1134453781512605,86.0,50.0,43.0,108.0,56.0,74.0,40.0,40.0,31.0,25.0,3.0,16.0,55.0,136.0,74.0,210.0,47.0,50.0,44.0,38.0,34.0,48.0,156.0,179.0,238.0,15.0,12.0,16.0,13.0,13.0,9.0,10.0,18.0,17.0,13.0,8.0,5.0,7.0,8.0,5.0,10.0,8.0,7.0,10.0,6.0,18.0,17.0,19.0,19.0,16.0,15.0,14.0,24.0,21.0,16.0,21.0,17.0,25.0,26.0,22.0,19.0,29.0,22.0,30.0,27.0
RAY,146.0,0.4726027397260274,0.48402303578774175,0.47910619318952663,0.4166666666666667,0.20833333333333334,0.375,0.625,0.37755102040816324,0.22448979591836735,0.3979591836734694,0.6224489795918368,0.6923076923076923,0.45454545454545453,0.6363636363636364,0.6923076923076923,0.2,0.4,0.4411764705882353,0.08904109589041095,0.07534246575342465,0.07534246575342465,0.08904109589041095,0.10273972602739725,0.10273972602739725,0.4657534246575342,0.3287671232876712,0.6712328767123288,0.28571428571428575,0.4411764705882353,0.3787878787878788,0.4571428571428572,0.19999999999999998,0.5,0.5849056603773585,0.5116279069767442,0.55,0.5,0.40816326530612235,0.3697916666666667,0.5353535353535354,0.5,0.6,0.5555555555555556,0.5,,0.5,0.7142857142857143,0.625,1.0,0.5,0.2,0.375,0.3125,0.4444444444444444,0.2,0.5,0.5384615384615384,0.4444444444444444,0.4,0.5,0.125,0.10416666666666667,0.1875,0.08333333333333333,0.0,0.041666666666666664,0.14583333333333334,0.16666666666666666,0.10416666666666667,0.041666666666666664,0.10204081632653061,0.08163265306122448,0.16326530612244897,0.09183673469387756,0.05102040816326531,0.08163265306122448,0.1326530612244898,0.09183673469387756,0.10204081632653061,0.10204081632653061,20.0,10.0,18.0,37.0,22.0,39.0,9.0,5.0,7.0,9.0,3.0,6.0,30.0,30.0,39.0,69.0,13.0,11.0,11.0,13.0,15.0,15.0,68.0,48.0,98.0,3.0,3.0,5.0,2.0,0.0,1.0,5.0,5.0,5.0,1.0,2.0,3.0,5.0,4.0,1.0,4.0,7.0,4.0,4.0,5.0,6.0,5.0,9.0,4.0,0.0,2.0,7.0,8.0,5.0,2.0,10.0,8.0,16.0,9.0,5.0,8.0,13.0,9.0,10.0,10.0
ED,286.0,0.486013986013986,0.481691397926692,0.4775250100776417,0.37168141592920356,0.24778761061946902,0.3805309734513274,0.6194690265486726,0.3988439306358382,0.2023121387283237,0.3988439306358382,0.6011560693641619,0.52,0.5,0.7352941176470589,0.6923076923076923,0.5333333333333333,0.42857142857142855,0.35185185185185186,0.08741258741258741,0.0979020979020979,0.11888111888111888,0.09090909090909091,0.1048951048951049,0.12237762237762238,0.3776223776223776,0.3951048951048951,0.6048951048951049,0.574712643678161,0.2631578947368421,0.5402298850574714,0.5342465753424658,0.5333333333333333,0.4594594594594595,0.48611111111111116,0.5223880597014925,0.35135135135135137,0.3866666666666667,0.45185185185185184,0.4908616187989557,0.4392265193370165,0.5833333333333334,0.5,0.5833333333333334,0.8571428571428571,0.4444444444444444,0.8461538461538461,0.4444444444444444,0.6363636363636364,0.7,0.4444444444444444,0.5714285714285714,0.125,0.5238095238095238,0.3333333333333333,0.5714285714285714,0.25,0.5,0.4666666666666667,0.2222222222222222,0.3684210526315789,0.10619469026548672,0.12389380530973451,0.10619469026548672,0.12389380530973451,0.07964601769911504,0.11504424778761062,0.07964601769911504,0.09734513274336283,0.08849557522123894,0.07964601769911504,0.12138728323699421,0.09248554913294797,0.12138728323699421,0.08670520231213873,0.08092485549132948,0.09248554913294797,0.10404624277456648,0.08670520231213873,0.10404624277456648,0.10982658959537572,42.0,28.0,43.0,69.0,35.0,69.0,13.0,14.0,25.0,18.0,16.0,15.0,38.0,70.0,69.0,139.0,25.0,28.0,34.0,26.0,30.0,35.0,108.0,113.0,173.0,7.0,7.0,7.0,12.0,4.0,11.0,4.0,7.0,7.0,4.0,12.0,2.0,11.0,5.0,8.0,4.0,9.0,7.0,4.0,7.0,12.0,14.0,12.0,14.0,9.0,13.0,9.0,11.0,10.0,9.0,21.0,16.0,21.0,15.0,14.0,16.0,18.0,15.0,18.0,19.0
VASH,216.0,0.48148148148148145,0.4779573934837093,0.49485878174113485,0.40217391304347827,0.2391304347826087,0.358695652173913,0.6413043478260869,0.4112903225806452,0.22580645161290322,0.3629032258064516,0.5887096774193549,0.6,0.7894736842105263,0.6071428571428571,0.6,0.42105263157894735,0.19047619047619047,0.39285714285714285,0.11574074074074074,0.08796296296296297,0.12962962962962962,0.09259259259259259,0.08796296296296297,0.09722222222222222,0.3888888888888889,0.42592592592592593,0.5740740740740741,0.3620689655172413,0.5471698113207548,0.22448979591836735,0.8214285714285714,0.3698630136986301,0.34920634920634924,0.603448275862069,0.41463414634146345,0.5125,0.5094339622641509,0.4285714285714286,0.4252873563218391,0.4813559322033898,0.75,0.5384615384615384,0.8,0.8,0.7058823529411765,0.5555555555555556,0.6363636363636364,0.5714285714285714,0.5714285714285714,0.6,0.21428571428571427,0.5555555555555556,0.07692307692307693,0.8333333333333334,0.07692307692307693,0.26666666666666666,0.5833333333333334,0.3333333333333333,0.5,0.45454545454545453,0.08695652173913043,0.14130434782608695,0.05434782608695652,0.05434782608695652,0.18478260869565216,0.09782608695652174,0.11956521739130435,0.07608695652173914,0.07608695652173914,0.10869565217391304,0.11290322580645161,0.07258064516129033,0.10483870967741936,0.04838709677419355,0.10483870967741936,0.12096774193548387,0.0967741935483871,0.07258064516129033,0.1774193548387097,0.08870967741935484,37.0,22.0,33.0,51.0,28.0,45.0,15.0,15.0,17.0,12.0,8.0,4.0,33.0,59.0,45.0,104.0,25.0,19.0,28.0,20.0,19.0,21.0,84.0,92.0,124.0,6.0,7.0,4.0,4.0,12.0,5.0,7.0,4.0,4.0,6.0,3.0,5.0,1.0,5.0,1.0,4.0,7.0,3.0,11.0,5.0,8.0,13.0,5.0,5.0,17.0,9.0,11.0,7.0,7.0,10.0,14.0,9.0,13.0,6.0,13.0,15.0,12.0,9.0,22.0,11.0
FANCY,127.0,0.47244094488188976,0.4743162719633309,0.458796536796537,0.6226415094339622,0.1320754716981132,0.24528301886792453,0.7547169811320754,0.5135135135135135,0.21621621621621623,0.2702702702702703,0.4864864864864865,0.7142857142857143,0.6470588235294118,0.7272727272727273,1.0,0.45454545454545453,0.2,0.25,0.11023622047244094,0.13385826771653545,0.08661417322834646,0.08661417322834646,0.08661417322834646,0.11811023622047244,0.3779527559055118,0.41732283464566927,0.5826771653543307,0.39130434782608703,0.5428571428571428,0.6857142857142857,0.2903225806451613,0.5789473684210527,0.3488372093023256,0.25641025641025644,0.2105263157894737,0.3636363636363637,0.5641025641025642,0.5689655172413793,0.4879518072289156,0.3641975308641976,0.75,0.7142857142857143,0.9,0.6,0.8,0.6,0.6666666666666666,1.0,0.5,0.8333333333333334,0.2,0.42857142857142855,0.4,0.14285714285714285,0.3333333333333333,0.2727272727272727,0.18181818181818182,0.0,0.3333333333333333,0.4444444444444444,0.1509433962264151,0.1320754716981132,0.18867924528301888,0.09433962264150944,0.09433962264150944,0.09433962264150944,0.05660377358490566,0.03773584905660377,0.03773584905660377,0.11320754716981132,0.13513513513513514,0.0945945945945946,0.06756756756756757,0.0945945945945946,0.04054054054054054,0.14864864864864866,0.14864864864864866,0.06756756756756757,0.08108108108108109,0.12162162162162163,33.0,7.0,13.0,38.0,16.0,20.0,10.0,11.0,8.0,11.0,5.0,3.0,12.0,40.0,20.0,60.0,14.0,17.0,11.0,11.0,11.0,15.0,48.0,53.0,74.0,6.0,5.0,9.0,3.0,4.0,3.0,2.0,2.0,1.0,5.0,2.0,3.0,2.0,1.0,1.0,3.0,2.0,0.0,2.0,4.0,8.0,7.0,10.0,5.0,5.0,5.0,3.0,2.0,2.0,6.0,10.0,7.0,5.0,7.0,3.0,11.0,11.0,5.0,6.0,9.0
洋蔥,561.0,0.49019607843137253,0.47279575969743914,0.47132092513897517,0.45901639344262296,0.27049180327868855,0.27049180327868855,0.7295081967213115,0.49842271293375395,0.19558359621451105,0.305993690851735,0.501577287066246,0.7017543859649122,0.7254901960784313,0.7083333333333334,0.78125,0.3870967741935484,0.3275862068965517,0.27411167512690354,0.10160427807486631,0.09090909090909091,0.12834224598930483,0.1140819964349376,0.11051693404634581,0.10338680926916222,0.3511586452762923,0.43493761140819964,0.5650623885918004,0.5267857142857143,0.44615384615384623,0.43262411347517726,0.4431818181818182,0.5141242937853109,0.4295302013422819,0.4571428571428572,0.30645161290322576,0.3819444444444444,0.541095890410959,0.5263157894736843,0.4714673913043479,0.4267425320056899,0.7586206896551724,0.85,0.7407407407407407,0.72,0.7666666666666667,0.6071428571428571,0.7368421052631579,0.5882352941176471,0.7083333333333334,0.8,0.2777777777777778,0.26666666666666666,0.2413793103448276,0.3333333333333333,0.38461538461538464,0.3225806451612903,0.35294117647058826,0.2,0.21875,0.40625,0.11885245901639344,0.08196721311475409,0.11065573770491803,0.10245901639344263,0.12295081967213115,0.11475409836065574,0.0778688524590164,0.06967213114754098,0.09836065573770492,0.10245901639344263,0.056782334384858045,0.0946372239747634,0.0914826498422713,0.13249211356466878,0.12302839116719243,0.09779179810725552,0.10725552050473186,0.0946372239747634,0.10094637223974763,0.10094637223974763,112.0,66.0,66.0,158.0,62.0,97.0,40.0,37.0,51.0,50.0,24.0,19.0,54.0,178.0,97.0,275.0,57.0,51.0,72.0,64.0,62.0,58.0,197.0,244.0,317.0,22.0,17.0,20.0,18.0,23.0,17.0,14.0,10.0,17.0,20.0,5.0,8.0,7.0,14.0,15.0,10.0,12.0,6.0,7.0,13.0,29.0,20.0,27.0,25.0,30.0,28.0,19.0,17.0,24.0,25.0,18.0,30.0,29.0,42.0,39.0,31.0,34.0,30.0,32.0,32.0
JOY,412.0,0.4684466019417476,0.4715177733750544,0.47203530110983194,0.4528301886792453,0.2138364779874214,0.3333333333333333,0.6666666666666667,0.4150197628458498,0.24110671936758893,0.3438735177865613,0.5849802371541502,0.6551724137931034,0.7111111111111111,0.7333333333333333,0.55,0.3023255813953488,0.375,0.34705882352941175,0.0703883495145631,0.10922330097087378,0.10922330097087378,0.0970873786407767,0.10436893203883495,0.0970873786407767,0.41262135922330095,0.3859223300970874,0.6140776699029126,0.4623655913978495,0.3142857142857143,0.46808510638297873,0.5373134328358209,0.4201680672268908,0.43362831858407086,0.41129032258064513,0.4262295081967213,0.5154639175257733,0.38157894736842113,0.40512820512820513,0.4440366972477064,0.43421052631578955,0.7333333333333333,0.6,0.7142857142857143,0.6818181818181818,0.5384615384615384,0.8461538461538461,0.75,0.5789473684210527,0.5882352941176471,0.6363636363636364,0.3333333333333333,0.2,0.36363636363636365,0.4666666666666667,0.3870967741935484,0.3103448275862069,0.25,0.35714285714285715,0.47619047619047616,0.2777777777777778,0.09433962264150944,0.09433962264150944,0.0880503144654088,0.13836477987421383,0.08176100628930817,0.08176100628930817,0.12578616352201258,0.11949685534591195,0.1069182389937107,0.06918238993710692,0.08300395256916997,0.09881422924901186,0.08695652173913043,0.11857707509881422,0.1225296442687747,0.11462450592885376,0.11067193675889328,0.11067193675889328,0.08300395256916997,0.07114624505928854,72.0,34.0,53.0,105.0,61.0,87.0,19.0,32.0,33.0,22.0,13.0,15.0,59.0,106.0,87.0,193.0,29.0,45.0,45.0,40.0,43.0,40.0,170.0,159.0,253.0,11.0,9.0,10.0,15.0,7.0,11.0,15.0,11.0,10.0,7.0,7.0,5.0,8.0,14.0,12.0,9.0,7.0,10.0,10.0,5.0,15.0,15.0,14.0,22.0,13.0,13.0,20.0,19.0,17.0,11.0,21.0,25.0,22.0,30.0,31.0,29.0,28.0,28.0,21.0,18.0
池,649.0,0.48073959938366717,0.46997059839705235,0.4703460258058654,0.5107913669064749,0.17625899280575538,0.3129496402877698,0.6870503597122303,0.4123989218328841,0.261455525606469,0.3261455525606469,0.5876010781671159,0.6578947368421053,0.7419354838709677,0.631578947368421,0.734375,0.4262295081967213,0.2,0.3269230769230769,0.11710323574730354,0.09553158705701079,0.11710323574730354,0.09861325115562404,0.09399075500770417,0.07704160246533127,0.40061633281972264,0.4283513097072419,0.5716486902927581,0.47115384615384615,0.4465408805031446,0.4252873563218391,0.4455958549222799,0.4928909952606635,0.43529411764705883,0.4207317073170732,0.4125,0.35632183908045983,0.5625,0.5229110512129379,0.45659928656361487,0.43599033816425115,0.7368421052631579,0.5925925925925926,0.5641025641025641,0.6875,0.8409090909090909,0.64,0.6,0.782608695652174,0.6666666666666666,0.75,0.3181818181818182,0.37142857142857144,0.3125,0.32558139534883723,0.24390243902439024,0.35,0.34210526315789475,0.2631578947368421,0.23809523809523808,0.5,0.0683453237410072,0.09712230215827339,0.14028776978417265,0.11510791366906475,0.15827338129496402,0.08992805755395683,0.08992805755395683,0.08273381294964029,0.08633093525179857,0.07194244604316546,0.05929919137466307,0.09433962264150944,0.0862533692722372,0.11590296495956873,0.1105121293800539,0.1078167115902965,0.10242587601078167,0.10242587601078167,0.11320754716981132,0.1078167115902965,142.0,49.0,87.0,153.0,97.0,121.0,50.0,46.0,48.0,47.0,26.0,10.0,85.0,191.0,121.0,312.0,76.0,62.0,76.0,64.0,61.0,50.0,260.0,278.0,371.0,14.0,16.0,22.0,22.0,37.0,16.0,15.0,18.0,16.0,15.0,7.0,13.0,10.0,14.0,10.0,14.0,13.0,10.0,10.0,20.0,19.0,27.0,39.0,32.0,44.0,25.0,25.0,23.0,24.0,20.0,22.0,35.0,32.0,43.0,41.0,40.0,38.0,38.0,42.0,40.0
發達,376.0,0.47074468085106386,0.468975912343521,0.45879301060643074,0.48,0.20666666666666667,0.31333333333333335,0.6866666666666666,0.4557522123893805,0.2168141592920354,0.3274336283185841,0.5442477876106195,0.6764705882352942,0.7142857142857143,0.6666666666666666,0.6896551724137931,0.24242424242424243,0.4634146341463415,0.3092105263157895,0.09042553191489362,0.11170212765957446,0.1196808510638298,0.07712765957446809,0.08776595744680851,0.10904255319148937,0.40425531914893614,0.39893617021276595,0.601063829787234,0.5700000000000001,0.3577235772357724,0.48387096774193544,0.3076923076923077,0.4065934065934066,0.46017699115044247,0.3617021276595745,0.4025974025974026,0.43373493975903615,0.5277777777777778,0.4723618090452262,0.43339960238568587,0.4421052631578947,0.782608695652174,0.4666666666666667,0.7058823529411765,0.5384615384615384,0.625,0.7368421052631579,0.7272727272727273,0.6153846153846154,0.75,0.8,0.3888888888888889,0.3225806451612903,0.4,0.15384615384615385,0.36,0.32,0.25,0.29411764705882354,0.23529411764705882,0.4230769230769231,0.15333333333333332,0.1,0.11333333333333333,0.08666666666666667,0.05333333333333334,0.12666666666666668,0.07333333333333333,0.08666666666666667,0.10666666666666667,0.1,0.07964601769911504,0.13716814159292035,0.13274336283185842,0.05752212389380531,0.11061946902654868,0.11061946902654868,0.10619469026548672,0.0752212389380531,0.0752212389380531,0.11504424778761062,72.0,31.0,47.0,103.0,49.0,74.0,23.0,30.0,30.0,20.0,8.0,19.0,47.0,103.0,74.0,177.0,34.0,42.0,45.0,29.0,33.0,41.0,152.0,150.0,226.0,18.0,7.0,12.0,7.0,5.0,14.0,8.0,8.0,12.0,12.0,7.0,10.0,12.0,2.0,9.0,8.0,6.0,5.0,4.0,11.0,23.0,15.0,17.0,13.0,8.0,19.0,11.0,13.0,16.0,15.0,18.0,31.0,30.0,13.0,25.0,25.0,24.0,17.0,17.0,26.0
呂安,231.0,0.47619047619047616,0.4686941018118639,0.47633533133533146,0.45263157894736844,0.24210526315789474,0.30526315789473685,0.6947368421052632,0.4411764705882353,0.23529411764705882,0.3235294117647059,0.5588235294117647,0.6363636363636364,0.6538461538461539,0.75,0.7391304347826086,0.4,0.29411764705882354,0.30337078651685395,0.09523809523809523,0.11255411255411256,0.1038961038961039,0.09956709956709957,0.12987012987012986,0.0735930735930736,0.3852813852813853,0.41125541125541126,0.5887445887445888,0.4561403508771929,0.3389830508474576,0.5172413793103449,0.4142857142857143,0.3921568627450981,0.4576271186440678,0.4259259259259259,0.5238095238095237,0.3529411764705883,0.5423728813559322,0.4727272727272727,0.423728813559322,0.4587458745874587,0.6666666666666666,0.7,0.8181818181818182,0.875,0.6666666666666666,0.6,0.6666666666666666,0.75,0.6,0.625,0.4,0.15384615384615385,0.3333333333333333,0.2777777777777778,0.3076923076923077,0.38461538461538464,0.35714285714285715,0.38461538461538464,0.25,0.4444444444444444,0.06315789473684211,0.10526315789473684,0.11578947368421053,0.08421052631578947,0.06315789473684211,0.10526315789473684,0.06315789473684211,0.12631578947368421,0.10526315789473684,0.16842105263157894,0.11029411764705882,0.09558823529411764,0.08823529411764706,0.1323529411764706,0.09558823529411764,0.09558823529411764,0.10294117647058823,0.09558823529411764,0.11764705882352941,0.0661764705882353,43.0,23.0,29.0,60.0,32.0,44.0,14.0,17.0,18.0,17.0,12.0,5.0,27.0,66.0,44.0,110.0,22.0,26.0,24.0,23.0,30.0,17.0,89.0,95.0,136.0,4.0,7.0,9.0,7.0,4.0,6.0,4.0,9.0,6.0,10.0,6.0,2.0,4.0,5.0,4.0,5.0,5.0,5.0,4.0,4.0,6.0,10.0,11.0,8.0,6.0,10.0,6.0,12.0,10.0,16.0,15.0,13.0,12.0,18.0,13.0,13.0,14.0,13.0,16.0,9.0
FOX,109.0,0.44954128440366975,0.4685496515679443,0.45097863247863257,0.5,0.175,0.325,0.675,0.4057971014492754,0.2753623188405797,0.3188405797101449,0.5942028985507246,0.5625,0.7142857142857143,0.9,0.5714285714285714,0.2857142857142857,0.2857142857142857,0.34146341463414637,0.14678899082568808,0.06422018348623854,0.09174311926605505,0.06422018348623854,0.12844036697247707,0.12844036697247707,0.3761467889908257,0.3669724770642202,0.6330275229357798,0.5588235294117647,0.30303030303030304,0.43333333333333335,0.6530612244897959,0.3636363636363637,0.4000000000000001,0.38297872340425543,0.35714285714285715,0.0,0.3181818181818182,0.34090909090909094,0.488095238095238,0.319327731092437,1.0,0.6666666666666666,0.5555555555555556,0.8,0.5,1.0,0.6,1.0,0.0,1.0,0.375,0.2222222222222222,0.25,0.6153846153846154,0.3333333333333333,0.3333333333333333,0.2222222222222222,0.25,0.0,0.16666666666666666,0.125,0.075,0.225,0.125,0.05,0.025,0.25,0.025,0.05,0.05,0.11594202898550725,0.13043478260869565,0.057971014492753624,0.18840579710144928,0.08695652173913043,0.08695652173913043,0.13043478260869565,0.057971014492753624,0.057971014492753624,0.08695652173913043,20.0,7.0,13.0,28.0,19.0,22.0,9.0,5.0,9.0,4.0,4.0,4.0,14.0,27.0,22.0,49.0,16.0,7.0,10.0,7.0,14.0,14.0,41.0,40.0,69.0,5.0,2.0,5.0,4.0,1.0,1.0,6.0,1.0,0.0,2.0,3.0,2.0,1.0,8.0,2.0,2.0,2.0,1.0,0.0,1.0,5.0,3.0,9.0,5.0,2.0,1.0,10.0,1.0,2.0,2.0,8.0,9.0,4.0,13.0,6.0,6.0,9.0,4.0,4.0,6.0
SIN,981.0,0.46992864424057085,0.46373529925034507,0.4668713591819909,0.4900990099009901,0.22524752475247525,0.28465346534653463,0.7153465346534653,0.4610051993067591,0.24090121317157712,0.29809358752166376,0.5389948006932409,0.717391304347826,0.6363636363636364,0.7659574468085106,0.75,0.3813559322033898,0.23711340206185566,0.287292817679558,0.09378185524974515,0.11213047910295616,0.09582059123343527,0.11009174311926606,0.12028542303771661,0.09887869520897044,0.3690112130479103,0.41182466870540263,0.5881753312945973,0.4134615384615385,0.3873517786561265,0.4083333333333334,0.47950819672131145,0.4686346863468634,0.4511278195488722,0.33673469387755106,0.44402985074626866,0.43388429752066116,0.49407114624505927,0.48091603053435117,0.43256578947368424,0.42932728647014357,0.6363636363636364,0.6363636363636364,0.6222222222222222,0.9428571428571428,0.6842105263157895,0.825,0.6923076923076923,0.7727272727272727,0.6,0.8,0.25,0.2545454545454545,0.28,0.29310344827586204,0.38461538461538464,0.2903225806451613,0.20833333333333334,0.2833333333333333,0.35185185185185186,0.3770491803278688,0.10891089108910891,0.10891089108910891,0.11138613861386139,0.08663366336633663,0.09405940594059406,0.09900990099009901,0.09653465346534654,0.10891089108910891,0.09900990099009901,0.08663366336633663,0.06932409012131716,0.09532062391681109,0.08665511265164645,0.10051993067590988,0.11265164644714037,0.10745233968804159,0.12478336221837089,0.10398613518197573,0.09358752166377816,0.10571923743500866,198.0,91.0,115.0,266.0,139.0,172.0,66.0,70.0,72.0,81.0,45.0,23.0,104.0,289.0,172.0,461.0,92.0,110.0,94.0,108.0,118.0,97.0,362.0,404.0,577.0,28.0,28.0,28.0,33.0,26.0,33.0,27.0,34.0,24.0,28.0,10.0,14.0,14.0,17.0,25.0,18.0,15.0,17.0,19.0,23.0,44.0,44.0,45.0,35.0,38.0,40.0,39.0,44.0,40.0,35.0,40.0,55.0,50.0,58.0,65.0,62.0,72.0,60.0,54.0,61.0
很乖,243.0,0.4773662551440329,0.4599952770541006,0.4680931013431014,0.4727272727272727,0.22727272727272727,0.3,0.7,0.48120300751879697,0.22556390977443608,0.2932330827067669,0.518796992481203,0.7407407407407407,0.6666666666666666,0.696969696969697,0.7058823529411765,0.19230769230769232,0.35294117647058826,0.3111111111111111,0.1111111111111111,0.13580246913580246,0.13580246913580246,0.06995884773662552,0.10699588477366255,0.06995884773662552,0.37037037037037035,0.45267489711934156,0.5473251028806584,0.3846153846153846,0.47692307692307695,0.25000000000000006,0.2033898305084746,0.5454545454545454,0.4459459459459459,0.4210526315789474,0.35185185185185186,0.7922077922077921,0.42857142857142855,0.5,0.3663366336633664,0.5063291139240506,0.8,0.8,0.6666666666666666,0.6,0.6428571428571429,0.6923076923076923,0.7142857142857143,0.5555555555555556,0.7727272727272727,0.75,0.2857142857142857,0.3333333333333333,0.1111111111111111,0.0,0.4444444444444444,0.3125,0.25,0.25,0.8181818181818182,0.3333333333333333,0.045454545454545456,0.09090909090909091,0.08181818181818182,0.09090909090909091,0.12727272727272726,0.11818181818181818,0.12727272727272726,0.08181818181818182,0.2,0.03636363636363636,0.10526315789473684,0.11278195488721804,0.13533834586466165,0.09774436090225563,0.06766917293233082,0.12030075187969924,0.12030075187969924,0.09022556390977443,0.08270676691729323,0.06766917293233082,52.0,25.0,33.0,64.0,30.0,39.0,20.0,22.0,23.0,12.0,5.0,6.0,28.0,77.0,39.0,116.0,27.0,33.0,33.0,17.0,26.0,17.0,90.0,110.0,133.0,4.0,8.0,6.0,6.0,9.0,9.0,10.0,5.0,17.0,3.0,4.0,5.0,2.0,0.0,4.0,5.0,4.0,3.0,9.0,3.0,5.0,10.0,9.0,10.0,14.0,13.0,14.0,9.0,22.0,4.0,14.0,15.0,18.0,13.0,9.0,16.0,16.0,12.0,11.0,9.0
雪怪,369.0,0.45257452574525747,0.4595999074592405,0.46490858915840755,0.4740740740740741,0.2074074074074074,0.31851851851851853,0.6814814814814815,0.4358974358974359,0.24358974358974358,0.32051282051282054,0.5641025641025641,0.7575757575757576,0.7441860465116279,0.6551724137931034,0.5333333333333333,0.3076923076923077,0.2647058823529412,0.3333333333333333,0.08943089430894309,0.11653116531165311,0.07859078590785908,0.08130081300813008,0.07046070460704607,0.0921409214092141,0.4715447154471545,0.36585365853658536,0.6341463414634146,0.41489361702127664,0.3854166666666667,0.391304347826087,0.3838383838383838,0.5254237288135593,0.28421052631578947,0.5,0.4285714285714286,0.4639175257731959,0.4019607843137255,0.4681818181818182,0.4248496993987977,0.4164904862579282,0.6428571428571429,0.5333333333333333,0.8571428571428571,0.8333333333333334,0.7647058823529411,0.5625,0.8333333333333334,0.6,0.6428571428571429,0.5833333333333334,0.3181818181818182,0.3181818181818182,0.3076923076923077,0.24,0.42857142857142855,0.14285714285714285,0.3181818181818182,0.3684210526315789,0.391304347826087,0.34615384615384615,0.1037037037037037,0.1111111111111111,0.05185185185185185,0.08888888888888889,0.1259259259259259,0.11851851851851852,0.13333333333333333,0.07407407407407407,0.1037037037037037,0.08888888888888889,0.09401709401709402,0.09401709401709402,0.1111111111111111,0.10683760683760683,0.11965811965811966,0.08974358974358974,0.09401709401709402,0.0811965811965812,0.09829059829059829,0.1111111111111111,64.0,28.0,43.0,102.0,57.0,75.0,25.0,32.0,19.0,16.0,8.0,9.0,58.0,92.0,75.0,167.0,33.0,43.0,29.0,30.0,26.0,34.0,174.0,135.0,234.0,9.0,8.0,6.0,10.0,13.0,9.0,15.0,6.0,9.0,7.0,7.0,7.0,8.0,6.0,12.0,3.0,7.0,7.0,9.0,9.0,14.0,15.0,7.0,12.0,17.0,16.0,18.0,10.0,14.0,12.0,22.0,22.0,26.0,25.0,28.0,21.0,22.0,19.0,23.0,26.0
EMMA,136.0,0.47058823529411764,0.4579187479187479,0.4826129981129983,0.5454545454545454,0.2,0.2545454545454545,0.7454545454545454,0.4444444444444444,0.2716049382716049,0.2839506172839506,0.5555555555555556,0.5,0.7692307692307693,0.8333333333333334,0.7857142857142857,0.4,0.09090909090909091,0.3,0.07352941176470588,0.09558823529411764,0.1323529411764706,0.10294117647058823,0.07352941176470588,0.08088235294117647,0.4411764705882353,0.40441176470588236,0.5955882352941176,0.4545454545454546,0.32653061224489793,0.33333333333333337,0.34615384615384626,0.5483870967741935,0.31428571428571433,0.43396226415094336,0.4523809523809524,0.7500000000000001,0.37500000000000006,0.4603174603174604,0.3987730061349693,0.4526315789473684,1.0,0.625,0.3333333333333333,0.75,0.8,1.0,0.5714285714285714,0.8888888888888888,0.75,0.75,0.3333333333333333,0.18181818181818182,0.3333333333333333,0.16666666666666666,0.42857142857142855,0.1111111111111111,0.38461538461538464,0.125,0.75,0.25,0.05454545454545454,0.14545454545454545,0.05454545454545454,0.07272727272727272,0.09090909090909091,0.07272727272727272,0.12727272727272726,0.16363636363636364,0.14545454545454545,0.07272727272727272,0.1111111111111111,0.13580246913580246,0.07407407407407407,0.07407407407407407,0.08641975308641975,0.1111111111111111,0.16049382716049382,0.09876543209876543,0.04938271604938271,0.09876543209876543,30.0,11.0,14.0,36.0,22.0,23.0,5.0,10.0,15.0,11.0,4.0,1.0,18.0,41.0,23.0,64.0,10.0,13.0,18.0,14.0,10.0,11.0,60.0,55.0,81.0,3.0,5.0,1.0,3.0,4.0,4.0,4.0,8.0,6.0,3.0,3.0,2.0,2.0,1.0,3.0,1.0,5.0,1.0,3.0,2.0,3.0,8.0,3.0,4.0,5.0,4.0,7.0,9.0,8.0,4.0,9.0,11.0,6.0,6.0,7.0,9.0,13.0,8.0,4.0,8.0
KEVIN,425.0,0.4447058823529412,0.4558529635414966,0.4629852066185182,0.4968152866242038,0.2356687898089172,0.267515923566879,0.7324840764331211,0.48507462686567165,0.23880597014925373,0.27611940298507465,0.5149253731343284,0.7692307692307693,0.8666666666666667,0.6451612903225806,0.6190476190476191,0.2127659574468085,0.30612244897959184,0.28488372093023256,0.09176470588235294,0.10588235294117647,0.07294117647058823,0.0988235294117647,0.11058823529411765,0.11529411764705882,0.4047058823529412,0.36941176470588233,0.6305882352941177,0.4158415841584159,0.35135135135135137,0.4351851851851852,0.3982300884955752,0.4715447154471546,0.31683168316831684,0.2935779816513762,0.43795620437956206,0.47826086956521746,0.46511627906976744,0.46889952153110054,0.4114671163575042,0.39619047619047615,0.75,0.8235294117647058,0.6190476190476191,0.631578947368421,0.7777777777777778,0.5384615384615384,0.875,0.75,0.7692307692307693,0.875,0.2608695652173913,0.21052631578947367,0.3181818181818182,0.28,0.3448275862068966,0.24,0.1935483870967742,0.34285714285714286,0.36363636363636365,0.2222222222222222,0.10191082802547771,0.10828025477707007,0.1337579617834395,0.12101910828025478,0.11464968152866242,0.08280254777070063,0.050955414012738856,0.10191082802547771,0.08280254777070063,0.10191082802547771,0.08582089552238806,0.1417910447761194,0.08208955223880597,0.09328358208955224,0.10820895522388059,0.09328358208955224,0.11567164179104478,0.13059701492537312,0.08208955223880597,0.06716417910447761,78.0,37.0,42.0,130.0,64.0,74.0,30.0,39.0,20.0,26.0,10.0,15.0,49.0,115.0,74.0,189.0,39.0,45.0,31.0,42.0,47.0,49.0,172.0,157.0,268.0,12.0,14.0,13.0,12.0,14.0,7.0,7.0,12.0,10.0,14.0,6.0,8.0,7.0,7.0,10.0,6.0,6.0,12.0,8.0,4.0,16.0,17.0,21.0,19.0,18.0,13.0,8.0,16.0,13.0,16.0,23.0,38.0,22.0,25.0,29.0,25.0,31.0,35.0,22.0,18.0
菜,307.0,0.46579804560260585,0.4556419312471898,0.4617083720201368,0.3828125,0.3125,0.3046875,0.6953125,0.4301675977653631,0.2681564245810056,0.3016759776536313,0.5698324022346368,0.7352941176470589,0.5769230769230769,0.7,0.7368421052631579,0.3870967741935484,0.2962962962962963,0.2809917355371901,0.11074918566775244,0.08469055374592833,0.09771986970684039,0.1237785016286645,0.10097719869706841,0.08794788273615635,0.3941368078175896,0.4169381107491857,0.5830618892508144,0.5135135135135135,0.45882352941176474,0.25000000000000006,0.6037735849056605,0.42857142857142855,0.4270833333333333,0.36,0.46376811594202905,0.33928571428571425,0.47368421052631576,0.45323741007194246,0.4444444444444445,0.4130982367758186,0.8333333333333334,0.8181818181818182,0.6,0.7692307692307693,0.75,0.5555555555555556,0.5454545454545454,0.7777777777777778,0.7142857142857143,0.6428571428571429,0.36,0.3333333333333333,0.05555555555555555,0.4444444444444444,0.23076923076923078,0.35,0.3076923076923077,0.35294117647058826,0.21428571428571427,0.375,0.140625,0.0859375,0.1171875,0.1015625,0.09375,0.140625,0.0859375,0.0703125,0.0546875,0.109375,0.13966480446927373,0.11731843575418995,0.1005586592178771,0.05027932960893855,0.07262569832402235,0.11173184357541899,0.1452513966480447,0.09497206703910614,0.0782122905027933,0.0893854748603352,49.0,40.0,39.0,77.0,48.0,54.0,25.0,15.0,21.0,28.0,12.0,8.0,34.0,89.0,54.0,143.0,34.0,26.0,30.0,38.0,31.0,27.0,121.0,128.0,179.0,15.0,9.0,9.0,10.0,9.0,10.0,6.0,7.0,5.0,9.0,9.0,7.0,1.0,4.0,3.0,7.0,8.0,6.0,3.0,6.0,18.0,11.0,15.0,13.0,12.0,18.0,11.0,9.0,7.0,14.0,25.0,21.0,18.0,9.0,13.0,20.0,26.0,17.0,14.0,16.0
黑羊,604.0,0.4586092715231788,0.4551896285224145,0.4510097536258634,0.4817813765182186,0.22672064777327935,0.291497975708502,0.708502024291498,0.4649859943977591,0.24929971988795518,0.2857142857142857,0.5350140056022409,0.75,0.7121212121212122,0.6333333333333333,0.7377049180327869,0.2676056338028169,0.288135593220339,0.2907488986784141,0.09933774834437085,0.10927152317880795,0.09933774834437085,0.10099337748344371,0.11754966887417219,0.09768211920529801,0.3758278145695364,0.40894039735099336,0.5910596026490066,0.45454545454545453,0.3866666666666667,0.3228346456692913,0.38461538461538464,0.4522292993630573,0.3760683760683761,0.3548387096774194,0.5290697674418604,0.43859649122807015,0.4550898203592814,0.4537037037037036,0.40229885057471265,0.4360613810741688,0.85,0.5833333333333334,0.43478260869565216,0.75,0.7586206896551724,0.7222222222222222,0.6451612903225806,0.7931034482758621,0.8,0.7368421052631579,0.3157894736842105,0.29411764705882354,0.25925925925925924,0.2653061224489796,0.2727272727272727,0.2222222222222222,0.16129032258064516,0.39473684210526316,0.24324324324324326,0.37209302325581395,0.08097165991902834,0.09716599190283401,0.0931174089068826,0.09716599190283401,0.11740890688259109,0.0728744939271255,0.12550607287449392,0.11740890688259109,0.1214574898785425,0.07692307692307693,0.10644257703081232,0.09523809523809523,0.07563025210084033,0.13725490196078433,0.09243697478991597,0.07563025210084033,0.08683473389355742,0.10644257703081232,0.10364145658263306,0.12044817927170869,119.0,56.0,72.0,166.0,89.0,102.0,45.0,47.0,38.0,45.0,19.0,17.0,66.0,175.0,102.0,277.0,60.0,66.0,60.0,61.0,71.0,59.0,227.0,247.0,357.0,17.0,14.0,10.0,18.0,22.0,13.0,20.0,23.0,24.0,14.0,12.0,10.0,7.0,13.0,9.0,6.0,5.0,15.0,9.0,16.0,20.0,24.0,23.0,24.0,29.0,18.0,31.0,29.0,30.0,19.0,38.0,34.0,27.0,49.0,33.0,27.0,31.0,38.0,37.0,43.0
30場以下,834.0,0.45083932853717024,0.45470714756852953,0.45398957895909064,0.43558282208588955,0.23006134969325154,0.3343558282208589,0.665644171779141,0.4330708661417323,0.25393700787401574,0.31299212598425197,0.5669291338582677,0.6219512195121951,0.6555555555555556,0.696969696969697,0.6931818181818182,0.2558139534883721,0.2823529411764706,0.3353115727002967,0.09832134292565947,0.1079136690647482,0.07913669064748201,0.10551558752997602,0.10311750599520383,0.10191846522781775,0.4040767386091127,0.3908872901678657,0.6091127098321343,0.41621621621621624,0.41666666666666663,0.31932773109243706,0.4711111111111111,0.47272727272727266,0.45500000000000007,0.39,0.4270833333333333,0.38114754098360654,0.44672131147540983,0.45905172413793105,0.41788321167883213,0.4194444444444444,0.7096774193548387,0.6944444444444444,0.53125,0.6060606060606061,0.7142857142857143,0.8214285714285714,0.6,0.5666666666666667,0.631578947368421,0.7631578947368421,0.2682926829268293,0.28846153846153844,0.2413793103448276,0.41509433962264153,0.36,0.3125,0.32,0.36363636363636365,0.26785714285714285,0.30357142857142855,0.0950920245398773,0.11042944785276074,0.09815950920245399,0.10122699386503067,0.10736196319018405,0.08588957055214724,0.07668711656441718,0.09202453987730061,0.1165644171779141,0.1165644171779141,0.08070866141732283,0.10236220472440945,0.1141732283464567,0.10433070866141732,0.0984251968503937,0.09448818897637795,0.0984251968503937,0.08661417322834646,0.11023622047244094,0.11023622047244094,142.0,75.0,109.0,220.0,129.0,159.0,51.0,59.0,46.0,61.0,22.0,24.0,113.0,217.0,159.0,376.0,82.0,90.0,66.0,88.0,86.0,85.0,337.0,326.0,508.0,22.0,25.0,17.0,20.0,25.0,23.0,15.0,17.0,24.0,29.0,11.0,15.0,14.0,22.0,18.0,15.0,16.0,16.0,15.0,17.0,31.0,36.0,32.0,33.0,35.0,28.0,25.0,30.0,38.0,38.0,41.0,52.0,58.0,53.0,50.0,48.0,50.0,44.0,56.0,56.0
小背包,152.0,0.45394736842105265,0.4541717376605815,0.43897258297258307,0.46774193548387094,0.27419354838709675,0.25806451612903225,0.7419354838709677,0.5,0.24444444444444444,0.25555555555555554,0.5,0.8,0.7333333333333333,0.6470588235294118,0.8,0.11764705882352941,0.13333333333333333,0.3275862068965517,0.09868421052631579,0.09868421052631579,0.1118421052631579,0.09868421052631579,0.1118421052631579,0.09868421052631579,0.3815789473684211,0.40789473684210525,0.5921052631578947,0.31578947368421056,0.6000000000000001,0.4444444444444444,0.38888888888888884,0.15384615384615388,0.5952380952380952,0.3921568627450981,0.29729729729729726,0.4722222222222223,0.42000000000000004,0.32894736842105265,0.3764044943820224,0.43518518518518523,0.75,1.0,0.8888888888888888,0.6666666666666666,0.5,0.8333333333333334,0.7777777777777778,0.2,0.7777777777777778,0.8571428571428571,0.2,0.3333333333333333,0.26666666666666666,0.25,0.0,0.5,0.18181818181818182,0.3333333333333333,0.16666666666666666,0.25,0.06451612903225806,0.04838709677419355,0.14516129032258066,0.0967741935483871,0.06451612903225806,0.0967741935483871,0.14516129032258066,0.08064516129032258,0.14516129032258066,0.11290322580645161,0.1111111111111111,0.03333333333333333,0.16666666666666666,0.08888888888888889,0.06666666666666667,0.1111111111111111,0.12222222222222222,0.1,0.06666666666666667,0.13333333333333333,29.0,17.0,16.0,45.0,22.0,23.0,12.0,11.0,11.0,12.0,2.0,2.0,19.0,46.0,23.0,69.0,15.0,15.0,17.0,15.0,17.0,15.0,58.0,62.0,90.0,3.0,3.0,8.0,4.0,2.0,5.0,7.0,1.0,7.0,6.0,2.0,1.0,4.0,2.0,0.0,5.0,2.0,3.0,1.0,3.0,4.0,3.0,9.0,6.0,4.0,6.0,9.0,5.0,9.0,7.0,10.0,3.0,15.0,8.0,6.0,10.0,11.0,9.0,6.0,12.0
YUMI,103.0,0.4563106796116505,0.4536405261405262,0.4722380952380953,0.37777777777777777,0.13333333333333333,0.4888888888888889,0.5111111111111111,0.3448275862068966,0.2413793103448276,0.41379310344827586,0.6551724137931034,0.4,0.6666666666666666,0.5714285714285714,0.375,0.5384615384615384,0.16666666666666666,0.45454545454545453,0.14563106796116504,0.14563106796116504,0.06796116504854369,0.07766990291262135,0.1262135922330097,0.11650485436893204,0.32038834951456313,0.4368932038834951,0.5631067961165048,0.38235294117647056,0.4090909090909091,0.5000000000000001,0.7,0.3928571428571429,0.43749999999999994,0.46153846153846156,0.4571428571428572,0.38235294117647056,0.5142857142857143,0.4603174603174604,0.4406779661016949,0.452054794520548,0.4,0.0,1.0,1.0,0.5,1.0,0.42857142857142855,0.5,0.4,0.42857142857142855,0.375,0.5,0.3333333333333333,0.5,0.25,0.25,0.5,0.4444444444444444,0.375,0.5714285714285714,0.1111111111111111,0.044444444444444446,0.06666666666666667,0.044444444444444446,0.17777777777777778,0.044444444444444446,0.15555555555555556,0.08888888888888889,0.1111111111111111,0.15555555555555556,0.13793103448275862,0.10344827586206896,0.10344827586206896,0.034482758620689655,0.06896551724137931,0.06896551724137931,0.06896551724137931,0.15517241379310345,0.13793103448275862,0.1206896551724138,17.0,6.0,22.0,20.0,14.0,24.0,6.0,10.0,4.0,3.0,7.0,2.0,15.0,23.0,24.0,47.0,15.0,15.0,7.0,8.0,13.0,12.0,33.0,45.0,58.0,2.0,0.0,3.0,2.0,4.0,2.0,3.0,2.0,2.0,3.0,3.0,3.0,2.0,1.0,1.0,1.0,2.0,4.0,3.0,4.0,5.0,2.0,3.0,2.0,8.0,2.0,7.0,4.0,5.0,7.0,8.0,6.0,6.0,2.0,4.0,4.0,4.0,9.0,8.0,7.0
尼克,772.0,0.4481865284974093,0.4532971808590817,0.45649287432303326,0.42953020134228187,0.2785234899328859,0.29194630872483224,0.7080536912751678,0.49156118143459915,0.22362869198312235,0.2848101265822785,0.5084388185654009,0.6447368421052632,0.6290322580645161,0.8055555555555556,0.7386363636363636,0.2777777777777778,0.23595505617977527,0.3003194888178914,0.09844559585492228,0.08031088082901554,0.09326424870466321,0.11398963730569948,0.09326424870466321,0.11528497409326424,0.405440414507772,0.3860103626943005,0.6139896373056994,0.3755274261603376,0.39285714285714285,0.397489539748954,0.45294117647058824,0.4901960784313726,0.38914027149321273,0.3333333333333333,0.4594594594594595,0.4253393665158371,0.3794871794871795,0.4360902255639097,0.41873804971319306,0.4002057613168724,0.6944444444444444,0.59375,0.7352941176470589,0.8636363636363636,0.696969696969697,0.7857142857142857,0.6190476190476191,0.8,0.7027027027027027,0.6333333333333333,0.23636363636363636,0.29545454545454547,0.2631578947368421,0.30952380952380953,0.391304347826087,0.2545454545454545,0.2222222222222222,0.3333333333333333,0.2857142857142857,0.26666666666666666,0.12080536912751678,0.10738255033557047,0.11409395973154363,0.0738255033557047,0.11073825503355705,0.09395973154362416,0.07046979865771812,0.08389261744966443,0.12416107382550336,0.10067114093959731,0.1160337552742616,0.09282700421940929,0.12025316455696203,0.08860759493670886,0.0970464135021097,0.1160337552742616,0.0759493670886076,0.0949367088607595,0.10337552742616034,0.0949367088607595,128.0,83.0,87.0,233.0,106.0,135.0,49.0,39.0,58.0,65.0,20.0,21.0,94.0,211.0,135.0,346.0,76.0,62.0,72.0,88.0,72.0,89.0,313.0,298.0,474.0,25.0,19.0,25.0,19.0,23.0,22.0,13.0,20.0,26.0,19.0,13.0,13.0,15.0,13.0,18.0,14.0,8.0,15.0,14.0,12.0,36.0,32.0,34.0,22.0,33.0,28.0,21.0,25.0,37.0,30.0,55.0,44.0,57.0,42.0,46.0,55.0,36.0,45.0,49.0,45.0
LIANG,485.0,0.44536082474226807,0.44985088323904976,0.4451682895970948,0.455026455026455,0.2222222222222222,0.32275132275132273,0.6772486772486772,0.47635135135135137,0.22635135135135134,0.2972972972972973,0.5236486486486487,0.6382978723404256,0.6779661016949152,0.6904761904761905,0.7073170731707317,0.30612244897959184,0.3125,0.2914572864321608,0.09690721649484536,0.12164948453608247,0.0865979381443299,0.08453608247422681,0.10103092783505155,0.09896907216494845,0.41030927835051545,0.38969072164948454,0.6103092783505155,0.5462962962962963,0.32038834951456313,0.32824427480916035,0.43650793650793646,0.452991452991453,0.4363636363636364,0.36764705882352944,0.40579710144927533,0.3524590163934426,0.4666666666666666,0.45991561181434604,0.41538461538461535,0.40675477239353897,0.7619047619047619,0.5454545454545454,0.5789473684210527,0.6666666666666666,0.7222222222222222,0.875,0.4117647058823529,0.5416666666666666,0.6153846153846154,0.9047619047619048,0.4090909090909091,0.25925925925925924,0.22580645161290322,0.32142857142857145,0.3333333333333333,0.2564102564102564,0.35294117647058826,0.3333333333333333,0.28125,0.23076923076923078,0.1111111111111111,0.0582010582010582,0.10052910052910052,0.1111111111111111,0.09523809523809523,0.12698412698412698,0.08994708994708994,0.12698412698412698,0.06878306878306878,0.1111111111111111,0.07432432432432433,0.09121621621621621,0.10472972972972973,0.0945945945945946,0.09121621621621621,0.13175675675675674,0.11486486486486487,0.10135135135135136,0.10810810810810811,0.08783783783783784,86.0,42.0,61.0,141.0,67.0,88.0,30.0,40.0,29.0,29.0,15.0,15.0,58.0,128.0,88.0,216.0,47.0,59.0,42.0,41.0,49.0,48.0,199.0,189.0,296.0,16.0,6.0,11.0,14.0,13.0,21.0,7.0,13.0,8.0,19.0,9.0,7.0,7.0,9.0,9.0,10.0,12.0,10.0,9.0,6.0,21.0,11.0,19.0,21.0,18.0,24.0,17.0,24.0,13.0,21.0,22.0,27.0,31.0,28.0,27.0,39.0,34.0,30.0,32.0,26.0
布冬,211.0,0.43601895734597157,0.44624466500076254,0.45069963369963373,0.5180722891566265,0.18072289156626506,0.30120481927710846,0.6987951807228916,0.4609375,0.2734375,0.265625,0.5390625,0.6818181818181818,0.75,0.7857142857142857,0.6296296296296297,0.16,0.3333333333333333,0.2804878048780488,0.10426540284360189,0.0947867298578199,0.06635071090047394,0.12796208530805686,0.11848341232227488,0.0995260663507109,0.3886255924170616,0.3933649289099526,0.6066350710900474,0.47761194029850745,0.5909090909090908,0.575,0.2238805970149254,0.467741935483871,0.265625,0.43181818181818177,0.3392857142857143,0.17777777777777778,0.49180327868852464,0.47967479674796754,0.44642857142857145,0.3444444444444445,0.6363636363636364,1.0,0.8,0.5454545454545454,1.0,0.5,0.7142857142857143,0.5,0.6666666666666666,0.8181818181818182,0.4,0.4,0.5,0.06666666666666667,0.3125,0.1875,0.3,0.25,0.0,0.3076923076923077,0.13253012048192772,0.08433734939759036,0.060240963855421686,0.13253012048192772,0.08433734939759036,0.0963855421686747,0.08433734939759036,0.12048192771084337,0.07228915662650602,0.13253012048192772,0.1171875,0.078125,0.078125,0.1171875,0.125,0.125,0.078125,0.09375,0.0859375,0.1015625,43.0,15.0,25.0,59.0,35.0,34.0,15.0,15.0,11.0,17.0,4.0,7.0,23.0,58.0,34.0,92.0,22.0,20.0,14.0,27.0,25.0,21.0,82.0,83.0,128.0,7.0,7.0,4.0,6.0,7.0,4.0,5.0,5.0,4.0,9.0,6.0,4.0,5.0,1.0,5.0,3.0,3.0,3.0,0.0,4.0,11.0,7.0,5.0,11.0,7.0,8.0,7.0,10.0,6.0,11.0,15.0,10.0,10.0,15.0,16.0,16.0,10.0,12.0,11.0,13.0
海月,659.0,0.4537177541729894,0.4436759570948319,0.4444366126516932,0.3875432525951557,0.23183391003460208,0.3806228373702422,0.6193771626297577,0.43243243243243246,0.24324324324324326,0.32432432432432434,0.5675675675675675,0.5925925925925926,0.639344262295082,0.5857142857142857,0.6623376623376623,0.29850746268656714,0.37254901960784315,0.32142857142857145,0.12291350531107739,0.09256449165402124,0.1062215477996965,0.11684370257966616,0.10166919575113809,0.07738998482549317,0.38239757207890746,0.4385432473444613,0.5614567526555387,0.2974358974358975,0.4015748031496063,0.33507853403141363,0.42857142857142855,0.6643835616438356,0.4470588235294118,0.3716216216216216,0.45454545454545453,0.40740740740740744,0.49438202247191015,0.5709876543209876,0.4143835616438356,0.437192118226601,0.5151515151515151,0.5769230769230769,0.5,0.7317073170731707,0.8,0.6071428571428571,0.5862068965517241,0.5862068965517241,0.5714285714285714,0.6896551724137931,0.18604651162790697,0.28,0.26666666666666666,0.24444444444444444,0.59375,0.3684210526315789,0.23333333333333334,0.375,0.35,0.4,0.11418685121107267,0.08996539792387544,0.09688581314878893,0.14186851211072665,0.08650519031141868,0.09688581314878893,0.10034602076124567,0.10034602076124567,0.0726643598615917,0.10034602076124567,0.11621621621621622,0.06756756756756757,0.12162162162162163,0.12162162162162163,0.08648648648648649,0.10270270270270271,0.08108108108108109,0.08648648648648649,0.10810810810810811,0.10810810810810811,112.0,67.0,110.0,160.0,90.0,120.0,48.0,39.0,41.0,51.0,20.0,19.0,81.0,179.0,120.0,299.0,81.0,61.0,70.0,77.0,67.0,51.0,252.0,289.0,370.0,17.0,15.0,14.0,30.0,20.0,17.0,17.0,17.0,12.0,20.0,8.0,7.0,12.0,11.0,19.0,14.0,7.0,12.0,14.0,16.0,33.0,26.0,28.0,41.0,25.0,28.0,29.0,29.0,21.0,29.0,43.0,25.0,45.0,45.0,32.0,38.0,30.0,32.0,40.0,40.0
軒,763.0,0.4456094364351245,0.44180895161297307,0.43678914574575334,0.46496815286624205,0.22929936305732485,0.3057324840764331,0.694267515923567,0.49888641425389757,0.22939866369710468,0.2717149220489978,0.5011135857461024,0.7078651685393258,0.704225352112676,0.7,0.6621621621621622,0.2777777777777778,0.3220338983050847,0.2610062893081761,0.11664482306684142,0.09305373525557012,0.10484927916120576,0.09698558322411534,0.09436435124508519,0.07732634338138926,0.4167758846657929,0.41153342070773263,0.5884665792922673,0.42424242424242425,0.3641975308641975,0.36180904522613067,0.3794871794871795,0.445945945945946,0.403061224489796,0.3762886597938145,0.4306930693069307,0.41395348837209306,0.4479166666666667,0.44685990338164255,0.3975409836065574,0.41441441441441446,0.8181818181818182,0.5416666666666666,0.7105263157894737,0.6410256410256411,0.7692307692307693,0.6538461538461539,0.68,0.65625,0.7096774193548387,0.7037037037037037,0.22727272727272727,0.2894736842105263,0.14634146341463414,0.20512820512820512,0.2708333333333333,0.3125,0.2708333333333333,0.32608695652173914,0.29411764705882354,0.34782608695652173,0.10509554140127389,0.07643312101910828,0.12101910828025478,0.12420382165605096,0.12420382165605096,0.08280254777070063,0.07961783439490445,0.10191082802547771,0.09872611464968153,0.08598726114649681,0.09799554565701558,0.08463251670378619,0.09131403118040089,0.08685968819599109,0.10690423162583519,0.10690423162583519,0.10690423162583519,0.10244988864142539,0.11358574610244988,0.10244988864142539,146.0,72.0,96.0,224.0,103.0,122.0,63.0,50.0,56.0,49.0,20.0,19.0,83.0,218.0,122.0,340.0,89.0,71.0,80.0,74.0,72.0,59.0,318.0,314.0,449.0,27.0,13.0,27.0,25.0,30.0,17.0,17.0,21.0,22.0,19.0,10.0,11.0,6.0,8.0,13.0,15.0,13.0,15.0,15.0,16.0,33.0,24.0,38.0,39.0,39.0,26.0,25.0,32.0,31.0,27.0,44.0,38.0,41.0,39.0,48.0,48.0,48.0,46.0,51.0,46.0
夆,140.0,0.4,0.43974473239179124,0.4098623481781377,0.44680851063829785,0.2553191489361702,0.2978723404255319,0.7021276595744681,0.5053763440860215,0.24731182795698925,0.24731182795698925,0.4946236559139785,0.6923076923076923,0.7777777777777778,0.75,0.6470588235294118,0.36363636363636365,0.16666666666666666,0.25,0.09285714285714286,0.06428571428571428,0.05714285714285714,0.12142857142857143,0.07857142857142857,0.12857142857142856,0.45714285714285713,0.3357142857142857,0.6642857142857143,0.35,0.48484848484848486,0.36,0.5,0.4827586206896551,0.19047619047619052,0.186046511627907,0.6571428571428571,0.3333333333333333,0.29850746268656714,0.3541666666666667,0.4285714285714286,0.3185840707964602,0.8,0.8333333333333334,0.0,0.5,1.0,0.3333333333333333,0.5,1.0,0.3333333333333333,0.8,0.2,0.2857142857142857,0.42857142857142855,0.5,0.2857142857142857,0.16666666666666666,0.15384615384615385,0.2,0.3333333333333333,0.21052631578947367,0.10638297872340426,0.1276595744680851,0.0425531914893617,0.0851063829787234,0.0851063829787234,0.06382978723404255,0.0425531914893617,0.2127659574468085,0.1276595744680851,0.10638297872340426,0.10752688172043011,0.07526881720430108,0.07526881720430108,0.043010752688172046,0.07526881720430108,0.12903225806451613,0.13978494623655913,0.053763440860215055,0.0967741935483871,0.20430107526881722,21.0,12.0,14.0,47.0,23.0,23.0,9.0,7.0,6.0,11.0,4.0,3.0,16.0,33.0,23.0,56.0,13.0,9.0,8.0,17.0,11.0,18.0,64.0,47.0,93.0,4.0,5.0,0.0,2.0,4.0,1.0,1.0,10.0,2.0,4.0,2.0,2.0,3.0,2.0,2.0,2.0,2.0,1.0,3.0,4.0,5.0,6.0,2.0,4.0,4.0,3.0,2.0,10.0,6.0,5.0,10.0,7.0,7.0,4.0,7.0,12.0,13.0,5.0,9.0,19.0
SBEAR,135.0,0.42962962962962964,0.4385727722569828,0.3998253968253969,0.41818181818181815,0.23636363636363636,0.34545454545454546,0.6545454545454545,0.5625,0.1625,0.275,0.4375,0.8,0.6923076923076923,0.47368421052631576,0.7692307692307693,0.26666666666666666,0.2727272727272727,0.2777777777777778,0.07407407407407407,0.0962962962962963,0.14074074074074075,0.0962962962962963,0.1111111111111111,0.08148148148148149,0.4,0.4074074074074074,0.5925925925925926,0.41935483870967744,0.22500000000000003,0.5142857142857143,0.3636363636363637,0.2258064516129032,0.2333333333333333,0.32,0.5476190476190476,0.19999999999999998,0.6440677966101694,0.5,0.34591194968553457,0.43455497382198954,1.0,0.375,0.8571428571428571,0.5,0.4,0.3333333333333333,0.5,0.7777777777777778,0.5,1.0,0.14285714285714285,0.125,0.2857142857142857,0.3333333333333333,0.14285714285714285,0.16666666666666666,0.2857142857142857,0.375,0.1111111111111111,0.5333333333333333,0.09090909090909091,0.14545454545454545,0.12727272727272726,0.03636363636363636,0.09090909090909091,0.10909090909090909,0.03636363636363636,0.16363636363636364,0.07272727272727272,0.12727272727272726,0.0875,0.1,0.0875,0.075,0.0875,0.075,0.0875,0.1,0.1125,0.1875,23.0,13.0,19.0,45.0,13.0,22.0,8.0,9.0,9.0,10.0,4.0,3.0,15.0,36.0,22.0,58.0,10.0,13.0,19.0,13.0,15.0,11.0,54.0,55.0,80.0,5.0,3.0,6.0,1.0,2.0,2.0,1.0,7.0,2.0,7.0,1.0,1.0,2.0,2.0,1.0,1.0,2.0,3.0,1.0,8.0,5.0,8.0,7.0,2.0,5.0,6.0,2.0,9.0,4.0,7.0,7.0,8.0,7.0,6.0,7.0,6.0,7.0,8.0,9.0,15.0
黃某人,352.0,0.4431818181818182,0.4267745110546953,0.4330293547032679,0.44805194805194803,0.22077922077922077,0.33116883116883117,0.6688311688311688,0.51010101010101,0.2222222222222222,0.2676767676767677,0.4898989898989899,0.65,0.6666666666666666,0.6206896551724138,0.7209302325581395,0.40625,0.29411764705882354,0.22727272727272727,0.11363636363636363,0.11931818181818182,0.08238636363636363,0.12215909090909091,0.09090909090909091,0.09659090909090909,0.375,0.4375,0.5625,0.21978021978021978,0.4576271186440678,0.41935483870967744,0.5074626865671642,0.3578947368421053,0.44680851063829785,0.4444444444444444,0.28571428571428575,0.5064935064935066,0.4302325581395349,0.3922651933701657,0.39008620689655177,0.4200913242009132,0.5,0.5769230769230769,0.6,0.7857142857142857,0.6875,0.6428571428571429,0.7333333333333333,0.6363636363636364,0.75,0.8461538461538461,0.09523809523809523,0.36363636363636365,0.3333333333333333,0.3076923076923077,0.19047619047619047,0.36363636363636365,0.3,0.17391304347826086,0.3333333333333333,0.25,0.09090909090909091,0.16883116883116883,0.09740259740259741,0.09090909090909091,0.1038961038961039,0.09090909090909091,0.09740259740259741,0.07142857142857142,0.1038961038961039,0.08441558441558442,0.10606060606060606,0.1111111111111111,0.10606060606060606,0.06565656565656566,0.10606060606060606,0.1111111111111111,0.10101010101010101,0.11616161616161616,0.07575757575757576,0.10101010101010101,69.0,34.0,51.0,101.0,44.0,53.0,26.0,28.0,18.0,31.0,13.0,10.0,30.0,103.0,53.0,156.0,40.0,42.0,29.0,43.0,32.0,34.0,132.0,154.0,198.0,7.0,15.0,9.0,11.0,11.0,9.0,11.0,7.0,12.0,11.0,2.0,8.0,7.0,4.0,4.0,8.0,6.0,4.0,5.0,5.0,14.0,26.0,15.0,14.0,16.0,14.0,15.0,11.0,16.0,13.0,21.0,22.0,21.0,13.0,21.0,22.0,20.0,23.0,15.0,20.0
豬豬,395.0,0.4050632911392405,0.42346831486217673,0.42129391395141425,0.4027777777777778,0.2777777777777778,0.3194444444444444,0.6805555555555556,0.545816733067729,0.20717131474103587,0.24701195219123506,0.45418326693227096,0.6764705882352942,0.625,0.7333333333333333,0.7,0.24444444444444444,0.13043478260869565,0.28125,0.08607594936708861,0.10126582278481013,0.0759493670886076,0.10126582278481013,0.11392405063291139,0.11645569620253164,0.4050632911392405,0.36455696202531646,0.6354430379746835,0.3739130434782609,0.2448979591836735,0.28125000000000006,0.24324324324324326,0.5333333333333333,0.44,0.2840909090909091,0.33009708737864074,0.391304347826087,0.5391304347826087,0.5368421052631579,0.3252525252525253,0.4047619047619048,0.5714285714285714,0.6,0.6,0.5,0.8888888888888888,0.8947368421052632,0.625,0.7272727272727273,0.6521739130434783,0.6956521739130435,0.3103448275862069,0.15384615384615385,0.13636363636363635,0.1724137931034483,0.42105263157894735,0.2413793103448276,0.20833333333333334,0.2222222222222222,0.21739130434782608,0.43478260869565216,0.09722222222222222,0.06944444444444445,0.10416666666666667,0.08333333333333333,0.0625,0.13194444444444445,0.05555555555555555,0.0763888888888889,0.1597222222222222,0.1597222222222222,0.11553784860557768,0.10358565737051793,0.08764940239043825,0.11553784860557768,0.07569721115537849,0.11553784860557768,0.09561752988047809,0.10756972111553785,0.09163346613545817,0.09163346613545817,58.0,40.0,46.0,137.0,52.0,62.0,23.0,25.0,22.0,28.0,11.0,6.0,45.0,98.0,62.0,160.0,34.0,40.0,30.0,40.0,45.0,46.0,160.0,144.0,251.0,8.0,6.0,9.0,6.0,8.0,17.0,5.0,8.0,15.0,16.0,9.0,4.0,3.0,5.0,8.0,7.0,5.0,6.0,5.0,10.0,14.0,10.0,15.0,12.0,9.0,19.0,8.0,11.0,23.0,23.0,29.0,26.0,22.0,29.0,19.0,29.0,24.0,27.0,23.0,23.0
午夜,256.0,0.4140625,0.4130410305051555,0.41566701573280523,0.42452830188679247,0.16981132075471697,0.4056603773584906,0.5943396226415094,0.5,0.21333333333333335,0.2866666666666667,0.5,0.7,0.5,0.7,0.5,0.21739130434782608,0.20689655172413793,0.32653061224489793,0.078125,0.109375,0.1171875,0.109375,0.08984375,0.11328125,0.3828125,0.4140625,0.5859375,0.2988505747126437,0.43181818181818177,0.25862068965517243,0.33870967741935487,0.49206349206349204,0.4905660377358491,0.31428571428571433,0.44444444444444453,0.41269841269841273,0.40625,0.44881889763779526,0.36592178770949724,0.4078947368421053,0.4666666666666667,0.7142857142857143,0.6,0.3,0.6666666666666666,0.7,0.45454545454545453,0.6666666666666666,0.7777777777777778,0.6363636363636364,0.21052631578947367,0.3,0.1875,0.35714285714285715,0.38461538461538464,0.36363636363636365,0.25,0.3333333333333333,0.26666666666666666,0.2857142857142857,0.14150943396226415,0.1320754716981132,0.04716981132075472,0.09433962264150944,0.11320754716981132,0.09433962264150944,0.10377358490566038,0.08490566037735849,0.08490566037735849,0.10377358490566038,0.12666666666666668,0.13333333333333333,0.10666666666666667,0.09333333333333334,0.08666666666666667,0.07333333333333333,0.10666666666666667,0.08,0.1,0.09333333333333334,45.0,18.0,43.0,75.0,32.0,43.0,14.0,14.0,21.0,14.0,5.0,6.0,32.0,63.0,43.0,106.0,20.0,28.0,30.0,28.0,23.0,29.0,98.0,106.0,150.0,7.0,10.0,3.0,3.0,8.0,7.0,5.0,6.0,7.0,7.0,4.0,6.0,3.0,5.0,5.0,4.0,4.0,4.0,4.0,4.0,15.0,14.0,5.0,10.0,12.0,10.0,11.0,9.0,9.0,11.0,19.0,20.0,16.0,14.0,13.0,11.0,16.0,12.0,15.0,14.0
大星,337.0,0.40059347181008903,0.4122003947809233,0.41506979504178154,0.4365079365079365,0.23809523809523808,0.3253968253968254,0.6746031746031746,0.5118483412322274,0.25118483412322273,0.23696682464454977,0.4881516587677725,0.72,0.6451612903225806,0.6842105263157895,0.65625,0.15151515151515152,0.19444444444444445,0.2676056338028169,0.07418397626112759,0.09198813056379822,0.11275964391691394,0.09495548961424333,0.09792284866468842,0.10682492581602374,0.42136498516320475,0.37388724035608306,0.6261127596439169,0.451219512195122,0.3125,0.3859649122807018,0.33333333333333337,0.4942528735632185,0.3404255319148936,0.38686131386861317,0.26086956521739135,0.33636363636363636,0.3125,0.4172185430463576,0.3969072164948454,0.3340040241448693,0.7857142857142857,0.6666666666666666,0.5555555555555556,0.5555555555555556,0.7333333333333333,0.7142857142857143,0.5909090909090909,0.8571428571428571,0.6875,0.6363636363636364,0.2777777777777778,0.23076923076923078,0.3076923076923077,0.25,0.3684210526315789,0.18181818181818182,0.2903225806451613,0.15384615384615385,0.19230769230769232,0.14285714285714285,0.1111111111111111,0.07142857142857142,0.07142857142857142,0.07142857142857142,0.11904761904761904,0.1111111111111111,0.1746031746031746,0.05555555555555555,0.12698412698412698,0.0873015873015873,0.08530805687203792,0.12322274881516587,0.061611374407582936,0.07582938388625593,0.09004739336492891,0.10426540284360189,0.14691943127962084,0.12322274881516587,0.12322274881516587,0.06635071090047394,55.0,30.0,41.0,108.0,53.0,50.0,18.0,20.0,26.0,21.0,5.0,7.0,38.0,85.0,50.0,135.0,25.0,31.0,38.0,32.0,33.0,36.0,142.0,126.0,211.0,11.0,6.0,5.0,5.0,11.0,10.0,13.0,6.0,11.0,7.0,5.0,6.0,4.0,4.0,7.0,4.0,9.0,4.0,5.0,2.0,14.0,9.0,9.0,9.0,15.0,14.0,22.0,7.0,16.0,11.0,18.0,26.0,13.0,16.0,19.0,22.0,31.0,26.0,26.0,14.0
K810,105.0,0.41904761904761906,0.4119949494949495,0.3965238095238097,0.40476190476190477,0.2619047619047619,0.3333333333333333,0.6666666666666667,0.5555555555555556,0.19047619047619047,0.25396825396825395,0.4444444444444444,0.5,0.625,0.7333333333333333,0.7777777777777778,0.1,0.1111111111111111,0.3181818181818182,0.09523809523809523,0.0761904761904762,0.14285714285714285,0.08571428571428572,0.09523809523809523,0.08571428571428572,0.41904761904761906,0.4,0.6,0.2,0.7272727272727273,0.3181818181818181,0.4285714285714286,0.4117647058823529,0.5161290322580646,0.46875000000000006,0.27272727272727276,0.24137931034482754,0.3695652173913044,0.3875,0.38053097345132747,0.38125,0.2,1.0,0.4,1.0,0.8,1.0,0.8571428571428571,0.0,0.5,0.8,0.2,0.0,0.25,0.2,0.25,0.4444444444444444,0.16666666666666666,0.3333333333333333,0.14285714285714285,0.25,0.11904761904761904,0.09523809523809523,0.11904761904761904,0.07142857142857142,0.11904761904761904,0.047619047619047616,0.16666666666666666,0.047619047619047616,0.09523809523809523,0.11904761904761904,0.07936507936507936,0.015873015873015872,0.06349206349206349,0.07936507936507936,0.12698412698412698,0.14285714285714285,0.09523809523809523,0.09523809523809523,0.1111111111111111,0.19047619047619047,17.0,11.0,14.0,35.0,12.0,16.0,5.0,5.0,11.0,7.0,1.0,1.0,14.0,28.0,16.0,44.0,10.0,8.0,15.0,9.0,10.0,9.0,44.0,42.0,63.0,1.0,4.0,2.0,3.0,4.0,2.0,6.0,0.0,2.0,4.0,1.0,0.0,1.0,1.0,2.0,4.0,1.0,2.0,1.0,3.0,5.0,4.0,5.0,3.0,5.0,2.0,7.0,2.0,4.0,5.0,5.0,1.0,4.0,5.0,8.0,9.0,6.0,6.0,7.0,12.0
TEN,258.0,0.3953488372093023,0.41002614418227074,0.403053695664949,0.4479166666666667,0.20833333333333334,0.34375,0.65625,0.5370370370370371,0.2222222222222222,0.24074074074074073,0.4629629629629629,0.7272727272727273,0.7391304347826086,0.6296296296296297,0.5416666666666666,0.25,0.32,0.2231404958677686,0.08527131782945736,0.08914728682170543,0.10465116279069768,0.09302325581395349,0.06201550387596899,0.09689922480620156,0.4689922480620155,0.37209302325581395,0.627906976744186,0.3186813186813187,0.308641975308642,0.22641509433962267,0.421875,0.2542372881355932,0.4032258064516129,0.26153846153846155,0.4246575342465754,0.48333333333333334,0.4714285714285715,0.37209302325581395,0.31034482758620696,0.4090909090909091,0.6363636363636364,0.8333333333333334,0.42857142857142855,0.5454545454545454,0.42857142857142855,0.8,0.5384615384615384,0.7272727272727273,0.8333333333333334,0.75,0.21739130434782608,0.21739130434782608,0.15384615384615385,0.35714285714285715,0.2,0.21428571428571427,0.07692307692307693,0.29411764705882354,0.25,0.3888888888888889,0.11458333333333333,0.0625,0.07291666666666667,0.11458333333333333,0.07291666666666667,0.10416666666666667,0.13541666666666666,0.11458333333333333,0.125,0.08333333333333333,0.1419753086419753,0.1419753086419753,0.08024691358024691,0.08641975308641975,0.09259259259259259,0.08641975308641975,0.08024691358024691,0.10493827160493827,0.07407407407407407,0.1111111111111111,43.0,20.0,33.0,87.0,36.0,39.0,16.0,17.0,17.0,13.0,4.0,8.0,27.0,63.0,39.0,102.0,22.0,23.0,27.0,24.0,16.0,25.0,121.0,96.0,162.0,7.0,5.0,3.0,6.0,3.0,8.0,7.0,8.0,10.0,6.0,5.0,5.0,2.0,5.0,3.0,3.0,1.0,5.0,3.0,7.0,11.0,6.0,7.0,11.0,7.0,10.0,13.0,11.0,12.0,8.0,23.0,23.0,13.0,14.0,15.0,14.0,13.0,17.0,12.0,18.0
開司,152.0,0.3881578947368421,0.404522854596384,0.4078138528138529,0.41509433962264153,0.24528301886792453,0.33962264150943394,0.6603773584905661,0.5555555555555556,0.20202020202020202,0.24242424242424243,0.4444444444444444,0.6666666666666666,0.7857142857142857,0.5,0.6875,0.18181818181818182,0.4,0.20588235294117646,0.05921052631578947,0.09210526315789473,0.09210526315789473,0.10526315789473684,0.07236842105263158,0.13157894736842105,0.4473684210526316,0.34868421052631576,0.6513157894736842,0.48717948717948717,0.4067796610169492,0.25925925925925924,0.18750000000000003,0.46875,0.2926829268292684,0.2903225806451613,0.425,0.3541666666666667,0.2962962962962963,0.3604651162790698,0.3756613756613757,0.3317757009345794,0.8333333333333334,0.8571428571428571,0.6666666666666666,0.42857142857142855,0.75,0.75,0.6,0.5,0.6666666666666666,0.6666666666666666,0.3333333333333333,0.26666666666666666,0.14285714285714285,0.0,0.375,0.18181818181818182,0.14285714285714285,0.375,0.25,0.25,0.11320754716981132,0.1320754716981132,0.05660377358490566,0.1320754716981132,0.07547169811320754,0.07547169811320754,0.09433962264150944,0.1509433962264151,0.11320754716981132,0.05660377358490566,0.09090909090909091,0.15151515151515152,0.0707070707070707,0.06060606060606061,0.08080808080808081,0.1111111111111111,0.0707070707070707,0.08080808080808081,0.12121212121212122,0.16161616161616163,22.0,13.0,18.0,55.0,20.0,24.0,6.0,11.0,7.0,11.0,2.0,8.0,14.0,35.0,24.0,59.0,9.0,14.0,14.0,16.0,11.0,20.0,68.0,53.0,99.0,5.0,6.0,2.0,3.0,3.0,3.0,3.0,4.0,4.0,2.0,3.0,4.0,1.0,0.0,3.0,2.0,1.0,3.0,3.0,4.0,6.0,7.0,3.0,7.0,4.0,4.0,5.0,8.0,6.0,3.0,9.0,15.0,7.0,6.0,8.0,11.0,7.0,8.0,12.0,16.0
小向,107.0,0.40186915887850466,0.3877046783625731,0.379939393939394,0.3181818181818182,0.29545454545454547,0.38636363636363635,0.6136363636363636,0.38095238095238093,0.36507936507936506,0.25396825396825395,0.6190476190476191,0.6,0.5,0.75,0.5555555555555556,0.2631578947368421,0.3333333333333333,0.21875,0.14018691588785046,0.07476635514018691,0.11214953271028037,0.08411214953271028,0.17757009345794392,0.11214953271028037,0.29906542056074764,0.411214953271028,0.5887850467289719,0.15384615384615388,0.0,0.06896551724137931,0.2777777777777778,0.7037037037037036,0.5384615384615384,0.5000000000000001,0.4634146341463415,0.5121951219512195,0.3103448275862069,0.5,0.24590163934426226,0.46451612903225803,0.5,0.0,0.25,0.3333333333333333,0.8333333333333334,0.5714285714285714,1.0,0.7142857142857143,0.75,0.75,0.0,0.0,0.0,0.25,0.6,0.5,0.25,0.3333333333333333,0.45454545454545453,0.14285714285714285,0.09090909090909091,0.045454545454545456,0.09090909090909091,0.06818181818181818,0.13636363636363635,0.1590909090909091,0.06818181818181818,0.1590909090909091,0.09090909090909091,0.09090909090909091,0.09523809523809523,0.09523809523809523,0.1111111111111111,0.06349206349206349,0.07936507936507936,0.06349206349206349,0.06349206349206349,0.14285714285714285,0.1746031746031746,0.1111111111111111,14.0,13.0,17.0,24.0,23.0,16.0,9.0,4.0,9.0,5.0,5.0,4.0,7.0,27.0,16.0,43.0,15.0,8.0,12.0,9.0,19.0,12.0,32.0,44.0,63.0,2.0,0.0,1.0,1.0,5.0,4.0,3.0,5.0,3.0,3.0,0.0,0.0,0.0,1.0,3.0,2.0,1.0,3.0,5.0,1.0,4.0,2.0,4.0,3.0,6.0,7.0,3.0,7.0,4.0,4.0,6.0,6.0,7.0,4.0,5.0,4.0,4.0,9.0,11.0,7.0
阿寶,95.0,0.4,0.3786796536796537,0.3691975308641976,0.4883720930232558,0.20930232558139536,0.3023255813953488,0.6976744186046512,0.6730769230769231,0.17307692307692307,0.15384615384615385,0.3269230769230769,0.7777777777777778,0.6363636363636364,0.6428571428571429,0.7777777777777778,0.1111111111111111,0.09090909090909091,0.1875,0.09473684210526316,0.11578947368421053,0.14736842105263157,0.09473684210526316,0.09473684210526316,0.11578947368421053,0.3368421052631579,0.45263157894736844,0.5473684210526316,0.3111111111111111,0.45454545454545453,0.39999999999999997,0.4,0.5925925925925926,0.2,0.38888888888888884,0.0,0.411764705882353,0.29411764705882354,0.47727272727272724,0.4186046511627907,0.26548672566371684,0.4444444444444444,1.0,,1.0,0.8333333333333334,0.5,0.6666666666666666,0.0,0.875,1.0,0.2222222222222222,0.0,0.4,0.0,0.4,0.0,0.25,0.0,0.0,0.2,0.20930232558139536,0.11627906976744186,0.0,0.09302325581395349,0.13953488372093023,0.09302325581395349,0.06976744186046512,0.06976744186046512,0.18604651162790697,0.023255813953488372,0.17307692307692307,0.07692307692307693,0.09615384615384616,0.07692307692307693,0.09615384615384616,0.07692307692307693,0.07692307692307693,0.11538461538461539,0.11538461538461539,0.09615384615384616,21.0,9.0,13.0,35.0,9.0,8.0,7.0,7.0,9.0,7.0,1.0,1.0,6.0,30.0,8.0,38.0,9.0,11.0,14.0,9.0,9.0,11.0,32.0,43.0,52.0,4.0,5.0,0.0,4.0,5.0,2.0,2.0,0.0,7.0,1.0,2.0,0.0,2.0,0.0,2.0,0.0,1.0,0.0,0.0,1.0,9.0,5.0,0.0,4.0,6.0,4.0,3.0,3.0,8.0,1.0,9.0,4.0,5.0,4.0,5.0,4.0,4.0,6.0,6.0,5.0
